,Avg_speed,Lane_speeds,Cars_in_lane
0,99.0,"[99.0, 99.0, nan]","[1, 1, 0]"
1,99.0,"[99.0, 99.0, nan]","[1, 2, 0]"
2,99.0,"[99.0, 99.0, 99.0]","[1, 2, 1]"
3,99.0,"[99.0, 99.0, 99.0]","[2, 1, 1]"
4,97.56,"[96.6, 99.0, 99.0]","[3, 1, 1]"
5,84.60000000000001,"[70.2, 99.0, nan]","[3, 3, 0]"
6,85.2,"[78.3, 99.0, nan]","[4, 2, 0]"
7,71.39999999999999,"[57.6, 99.0, nan]","[4, 2, 0]"
8,79.2,"[59.4, 99.0, 99.0]","[4, 3, 1]"
9,80.10000000000001,"[68.76, 99.0, 99.0]","[5, 2, 1]"
10,81.0,"[63.0, 99.0, 99.0]","[4, 3, 1]"
11,83.80000000000001,"[71.64, 99.0, 99.0]","[5, 3, 1]"
12,87.21818181818182,"[77.4, 99.0, 99.0]","[6, 3, 2]"
13,90.25714285714287,"[81.51428571428572, 99.0, 99.0]","[7, 5, 2]"
14,90.45,"[83.25, 96.84, 99.0]","[8, 5, 3]"
15,88.53750000000001,"[80.775, 96.84, 95.4]","[8, 5, 3]"
16,90.0,"[82.35000000000001, 97.5, 95.4]","[8, 6, 3]"
17,92.07,"[87.38181818181819, 99.0, 95.4]","[11, 6, 3]"
18,92.61000000000001,"[89.01818181818182, 96.42857142857143, 99.0]","[11, 7, 2]"
19,93.15,"[88.92, 96.97500000000001, 99.0]","[10, 8, 2]"
20,94.11428571428571,"[90.18, 98.10000000000001, 96.6]","[10, 8, 3]"
21,92.14285714285714,"[88.03636363636363, 96.68571428571428, 96.6]","[11, 7, 3]"
22,93.27272727272728,"[89.7, 97.80000000000001, 97.2]","[12, 6, 4]"
23,90.4909090909091,"[93.10909090909091, 85.4, 99.0]","[11, 9, 2]"
24,87.88695652173914,"[81.12857142857143, 98.22857142857143, 99.0]","[14, 7, 2]"
25,85.38260869565217,"[81.9, 87.0, 99.0]","[12, 9, 2]"
26,82.8,"[71.72307692307693, 96.75, 99.0]","[13, 8, 2]"
27,82.8,"[77.85000000000001, 85.8, 99.0]","[12, 9, 2]"
28,84.30000000000001,"[77.01428571428572, 97.2, 88.2]","[14, 7, 3]"
29,84.0,"[78.48, 90.3, 99.0]","[15, 6, 3]"
30,81.72,"[83.64, 83.925, 58.5]","[15, 8, 2]"
31,82.72800000000001,"[84.08571428571429, 79.2, 99.0]","[14, 10, 1]"
32,83.232,"[76.32, 92.25, 99.0]","[15, 8, 2]"
33,84.73846153846155,"[79.32000000000001, 89.55, 99.0]","[15, 8, 3]"
34,85.70769230769231,"[82.58823529411765, 90.675, 99.0]","[17, 8, 1]"
35,87.62142857142858,"[84.5, 90.77142857142857, 99.0]","[18, 7, 3]"
36,87.55714285714286,"[81.5, 98.39999999999999, 99.0]","[18, 9, 1]"
37,88.63448275862069,"[85.45263157894738, 94.68, nan]","[19, 10, 0]"
38,89.76,"[90.09473684210526, 89.18181818181819, nan]","[19, 11, 0]"
39,90.81290322580645,"[89.73, 92.16000000000001, 99.0]","[20, 10, 1]"
40,91.85454545454546,"[89.82857142857144, 94.68, 99.0]","[21, 10, 2]"
41,92.88000000000001,"[91.02857142857142, 95.4, 99.0]","[21, 13, 1]"
42,93.0,"[92.45454545454547, 96.3, 79.2]","[22, 12, 2]"
43,93.39999999999999,"[92.78999999999999, 96.0923076923077, 85.8]","[20, 13, 3]"
44,93.98918918918919,"[94.54285714285714, 91.93846153846155, 99.0]","[21, 13, 3]"
45,93.35675675675675,"[91.8857142857143, 94.75714285714287, 99.0]","[21, 14, 2]"
46,93.89189189189189,"[94.28571428571429, 92.57142857142858, 99.0]","[21, 14, 2]"
47,93.16216216216216,"[90.36000000000001, 99.0, 99.0]","[25, 11, 1]"
48,93.41052631578947,"[90.15, 99.0, 99.0]","[24, 11, 3]"
49,93.41538461538462,"[90.54782608695652, 97.2, 99.0]","[23, 13, 3]"
50,93.92307692307693,"[92.664, 95.4, 99.0]","[25, 11, 3]"
51,94.43076923076923,"[93.024, 96.78461538461538, 99.0]","[25, 13, 1]"
52,94.98461538461538,"[93.225, 97.71428571428571, 99.0]","[24, 14, 1]"
53,95.53500000000001,"[93.67826086956522, 98.16, 97.2]","[23, 15, 2]"
54,96.05853658536586,"[94.75200000000001, 98.86153846153846, 94.8]","[25, 13, 3]"
55,96.49756097560976,"[95.53846153846155, 99.0, 94.8]","[26, 12, 3]"
56,96.81428571428572,"[97.416, 95.52000000000001, 99.0]","[25, 15, 2]"
57,97.1590909090909,"[97.70400000000001, 96.3, 99.0]","[25, 18, 1]"
58,97.28181818181818,"[97.33846153846154, 97.53750000000001, 94.5]","[26, 16, 2]"
59,97.70869565217392,"[97.26206896551724, 99.0, 96.0]","[29, 14, 3]"
60,98.0608695652174,"[97.66666666666667, 98.55, 99.0]","[27, 16, 3]"
61,98.41304347826086,"[98.0, 99.0, 99.0]","[27, 17, 2]"
62,97.2,"[96.2, 98.5764705882353, 99.0]","[27, 17, 2]"
63,97.39148936170213,"[96.64137931034483, 98.55, 99.0]","[29, 16, 2]"
64,97.54468085106383,"[96.82758620689656, 98.66250000000001, 99.0]","[29, 16, 2]"
65,97.73617021276597,"[97.00714285714287, 98.8, 99.0]","[28, 18, 1]"
66,97.93469387755103,"[97.2, 98.90526315789474, 99.0]","[28, 19, 2]"
67,98.064,"[97.44, 99.0, 99.0]","[30, 19, 1]"
68,98.15294117647059,"[97.56, 99.0, 99.0]","[30, 19, 2]"
69,98.03076923076922,"[97.26206896551724, 99.0, 99.0]","[29, 20, 3]"
70,98.16923076923078,"[97.60645161290323, 99.0, 99.0]","[31, 18, 3]"
71,98.28679245283018,"[97.95483870967743, 98.73, 99.0]","[31, 20, 2]"
72,98.43333333333334,"[98.01290322580645, 99.0, 99.0]","[31, 21, 2]"
73,98.54181818181817,"[98.2125, 99.0, 99.0]","[32, 20, 3]"
74,97.48421052631579,"[97.03125, 97.88571428571429, 99.0]","[32, 21, 4]"
75,97.42105263157896,"[96.42857142857143, 99.0, 99.0]","[35, 19, 3]"
76,97.23157894736842,"[97.69090909090909, 96.25714285714285, 99.0]","[33, 21, 3]"
77,97.41724137931034,"[97.9090909090909, 96.34285714285714, 99.0]","[33, 21, 4]"
78,97.65,"[96.75, 99.0, 99.0]","[36, 20, 4]"
79,97.86774193548386,"[97.05, 99.0, 99.0]","[36, 22, 4]"
80,98.071875,"[97.3945945945946, 99.0, 99.0]","[37, 23, 4]"
81,98.24776119402985,"[97.67368421052632, 99.0, 99.0]","[38, 24, 5]"
82,98.11304347826088,"[97.62631578947368, 98.64, 99.0]","[38, 25, 6]"
83,98.19130434782609,"[97.72105263157896, 98.712, 99.0]","[38, 25, 6]"
84,97.74,"[97.875, 97.65, 97.2]","[40, 24, 6]"
85,97.85000000000001,"[98.0142857142857, 97.776, 96.84]","[42, 25, 5]"
86,97.1027027027027,"[98.82857142857144, 94.46666666666667, 96.84]","[42, 27, 5]"
87,96.7864864864865,"[96.18260869565216, 97.98260869565217, 96.84]","[46, 23, 5]"
88,96.03116883116883,"[94.64651162790699, 97.52142857142857, 99.0]","[43, 28, 6]"
89,96.26493506493507,"[94.30243902439025, 98.39999999999999, 99.0]","[41, 30, 6]"
90,95.86153846153846,"[94.47906976744187, 97.2, 99.0]","[43, 28, 7]"
91,96.06923076923077,"[94.8, 97.47692307692307, 99.0]","[45, 26, 7]"
92,96.39,"[95.65116279069767, 96.84, 99.0]","[43, 30, 7]"
93,96.35555555555557,"[95.65714285714286, 97.32000000000001, 96.4]","[42, 30, 9]"
94,95.66666666666666,"[94.73478260869565, 97.61538461538463, 94.8]","[46, 26, 9]"
95,95.68536585365854,"[95.52272727272728, 97.26428571428572, 91.98]","[44, 28, 10]"
96,95.63855421686748,"[95.59148936170213, 98.0, 88.80000000000001]","[47, 27, 9]"
97,95.07857142857142,"[95.03265306122448, 95.95862068965518, 91.2]","[49, 29, 6]"
98,92.13882352941177,"[91.61632653061226, 92.4, 95.10000000000001]","[49, 30, 6]"
99,90.92093023255813,"[88.66666666666667, 97.92, 83.31428571428572]","[54, 25, 7]"
100,89.31724137931035,"[86.436, 95.90625, 75.96000000000001]","[50, 32, 5]"
101,89.87727272727273,"[87.52941176470588, 93.76875, 88.92]","[51, 32, 5]"
102,89.97977528089888,"[86.13333333333334, 96.3, 94.37142857142858]","[54, 28, 7]"
103,90.60000000000001,"[87.5423076923077, 95.50909090909092, 90.0]","[52, 33, 5]"
104,89.92087912087912,"[88.2, 91.44, 99.0]","[52, 35, 4]"
105,89.9608695652174,"[88.13333333333334, 91.85625, 96.3]","[54, 32, 6]"
106,90.0,"[86.75357142857143, 94.12258064516129, 99.0]","[56, 31, 6]"
107,90.21063829787234,"[86.33793103448276, 95.8344827586207, 99.0]","[58, 29, 7]"
108,90.60631578947368,"[88.91379310344827, 93.01935483870969, 94.5]","[58, 31, 6]"
109,91.06875000000001,"[88.58571428571429, 95.85000000000001, 89.325]","[56, 32, 8]"
110,90.91875,"[89.03333333333333, 94.15, 88.5]","[54, 36, 6]"
111,90.7979381443299,"[89.17894736842106, 94.0909090909091, 88.45714285714287]","[57, 33, 7]"
112,91.16907216494846,"[89.77894736842104, 92.7, 97.2]","[57, 36, 4]"
113,90.60000000000001,"[88.97586206896551, 93.75, 86.76]","[58, 36, 5]"
114,90.53999999999999,"[89.97142857142856, 92.12727272727273, 86.4]","[63, 33, 4]"
115,90.504,"[88.60909090909091, 95.52000000000001, 84.15]","[66, 30, 4]"
116,90.216,"[87.55312500000001, 94.58181818181819, 99.0]","[64, 33, 3]"
117,90.33861386138614,"[88.33846153846154, 95.58620689655173, 87.17142857142858]","[65, 29, 7]"
118,88.82912621359223,"[87.6, 93.7, 74.31428571428572]","[60, 36, 7]"
119,89.41153846153846,"[88.06363636363636, 93.19354838709677, 85.37142857142858]","[66, 31, 7]"
120,90.05142857142857,"[88.64347826086957, 92.91724137931034, 92.05714285714286]","[69, 29, 7]"
121,89.6433962264151,"[87.46363636363637, 95.92941176470589, 78.0]","[66, 34, 6]"
122,89.84859813084113,"[90.24179104477612, 88.1, 99.0]","[67, 36, 4]"
123,90.3196261682243,"[87.91304347826087, 96.69375000000001, 84.0]","[69, 32, 6]"
124,90.98333333333333,"[88.2, 96.48947368421054, 86.14285714285714]","[63, 38, 7]"
125,91.4697247706422,"[90.26470588235294, 93.03157894736842, 99.0]","[68, 38, 3]"
126,91.81636363636363,"[89.51830985915494, 97.04117647058824, 88.92]","[71, 34, 5]"
127,92.04324324324325,"[89.76521739130435, 96.35000000000001, 92.4]","[69, 36, 6]"
128,92.33035714285714,"[90.08059701492537, 96.22702702702703, 93.15]","[67, 37, 8]"
129,91.76814159292036,"[90.43098591549297, 94.9, 88.80000000000001]","[71, 36, 6]"
130,91.2,"[90.9, 93.42, 82.575]","[66, 40, 8]"
131,91.57894736842105,"[91.85217391304347, 91.41081081081082, 90.0]","[69, 37, 8]"
132,90.29739130434783,"[88.17272727272727, 94.43414634146342, 86.625]","[66, 41, 8]"
133,89.78086956521739,"[89.69142857142857, 91.5, 83.6]","[70, 36, 9]"
134,89.8603448275862,"[88.78378378378379, 90.30857142857143, 99.0]","[74, 35, 7]"
135,89.8603448275862,"[86.448, 95.60571428571428, 99.0]","[75, 35, 6]"
136,90.2923076923077,"[88.032, 93.55, 99.0]","[75, 36, 6]"
137,89.86153846153846,"[87.41842105263159, 93.60000000000001, 99.0]","[76, 35, 6]"
138,90.12307692307692,"[88.63783783783784, 92.23783783783784, 95.4]","[74, 37, 6]"
139,89.78644067796611,"[87.14999999999999, 94.59473684210526, 90.675]","[72, 38, 8]"
140,90.1190082644628,"[87.34736842105264, 95.5945945945946, 91.125]","[76, 37, 8]"
141,89.77685950413223,"[87.54545454545455, 93.12631578947368, 97.2]","[77, 38, 6]"
142,90.32727272727273,"[89.52000000000001, 91.8, 90.77142857142857]","[75, 39, 7]"
143,90.35409836065574,"[89.52000000000001, 91.05365853658537, 96.0]","[75, 41, 6]"
144,90.61463414634147,"[88.76842105263158, 93.94054054054054, 92.34]","[76, 37, 10]"
145,90.71129032258065,"[89.4857142857143, 92.18571428571428, 97.2]","[77, 42, 5]"
146,90.74285714285715,"[88.57317073170732, 94.3578947368421, 97.5]","[82, 38, 6]"
147,91.2472440944882,"[90.6075, 91.75500000000001, 95.65714285714286]","[80, 40, 7]"
148,90.96377952755905,"[90.73846153846154, 90.38571428571429, 96.94285714285714]","[78, 42, 7]"
149,90.70866141732284,"[88.54177215189874, 94.0390243902439, 95.65714285714286]","[79, 41, 7]"
150,90.4640625,"[88.93333333333334, 92.07, 99.0]","[81, 40, 7]"
151,90.77538461538461,"[88.30975609756098, 95.44615384615385, 93.0]","[82, 39, 9]"
152,91.05563909774436,"[89.77777777777779, 92.2390243902439, 96.05454545454546]","[81, 41, 11]"
153,90.17462686567166,"[89.55, 92.34, 86.76]","[84, 40, 10]"
154,89.52985074626865,"[87.94588235294118, 92.28292682926829, 92.25]","[85, 41, 8]"
155,88.75074626865671,"[86.42068965517241, 93.195, 92.31428571428572]","[87, 40, 7]"
156,88.93333333333334,"[86.13409090909092, 93.88421052631578, 95.4]","[88, 38, 9]"
157,87.96000000000001,"[85.24285714285713, 92.12727272727273, 94.37142857142858]","[84, 44, 7]"
158,88.59705882352941,"[86.83373493975904, 90.72, 94.95]","[83, 45, 8]"
159,88.0948905109489,"[85.97777777777777, 91.52608695652174, 89.46000000000001]","[81, 46, 10]"
160,88.17410071942446,"[84.53493975903615, 94.76, 88.69090909090909]","[83, 45, 11]"
161,88.30285714285715,"[86.67209302325581, 91.05652173913045, 90.0]","[86, 46, 8]"
162,88.44428571428571,"[88.2409090909091, 90.87906976744186, 78.8]","[88, 43, 9]"
163,87.51063829787233,"[87.97500000000001, 87.73953488372094, 82.44]","[88, 43, 10]"
164,87.4774647887324,"[87.78139534883722, 88.65957446808511, 78.4]","[86, 47, 9]"
165,86.7902097902098,"[86.16, 90.66976744186047, 75.78]","[90, 43, 10]"
166,86.46206896551725,"[86.16263736263737, 85.57826086956521, 94.95]","[91, 46, 8]"
167,86.02758620689656,"[84.20869565217392, 88.08510638297872, 97.80000000000001]","[92, 47, 6]"
168,86.41241379310345,"[82.8989010989011, 93.24, 87.8]","[91, 45, 9]"
169,86.38767123287671,"[83.43296703296703, 92.2695652173913, 86.2]","[91, 46, 9]"
170,86.54693877551021,"[84.21573033707865, 89.25, 94.32]","[89, 48, 10]"
171,86.81632653061224,"[84.65744680851064, 92.19512195121952, 85.35]","[94, 41, 12]"
172,86.85906040268456,"[84.63870967741936, 91.25217391304349, 87.3]","[93, 46, 10]"
173,87.50860927152317,"[84.22826086956522, 93.49411764705881, 87.075]","[92, 51, 8]"
174,88.06973684210527,"[86.0516129032258, 90.108, 97.6]","[93, 50, 9]"
175,87.15294117647059,"[85.40625, 88.64081632653061, 99.0]","[96, 49, 8]"
176,87.51483870967742,"[84.86732673267326, 91.67441860465117, 95.56363636363638]","[101, 43, 11]"
177,87.75,"[84.42178217821782, 92.57727272727273, 99.0]","[101, 44, 11]"
178,87.40384615384616,"[84.79411764705883, 91.24000000000001, 97.80000000000001]","[102, 45, 9]"
179,87.51210191082802,"[84.54705882352941, 92.42608695652174, 96.0]","[102, 46, 9]"
180,87.97215189873418,"[86.80824742268041, 88.43773584905661, 99.0]","[97, 53, 8]"
181,88.07547169811322,"[86.07115384615385, 91.53191489361703, 93.825]","[104, 47, 8]"
182,88.52625,"[87.53877551020408, 90.36000000000001, 87.94285714285714]","[98, 55, 7]"
183,88.61963190184049,"[86.67, 92.13962264150943, 89.46000000000001]","[100, 53, 10]"
184,87.93496932515338,"[86.68514851485149, 91.14545454545454, 80.74285714285713]","[101, 55, 7]"
185,87.77454545454546,"[86.82056074766355, 88.81132075471699, 97.2]","[107, 53, 5]"
186,88.0698795180723,"[86.11132075471698, 90.55384615384615, 97.875]","[106, 52, 8]"
187,88.28622754491018,"[86.90467289719626, 89.83333333333333, 99.0]","[107, 54, 6]"
188,88.41428571428573,"[85.82727272727273, 93.48979591836735, 92.4]","[110, 49, 9]"
189,87.75266272189349,"[87.13714285714286, 88.16727272727273, 92.4]","[105, 55, 9]"
190,87.59289940828403,"[87.31666666666666, 87.94800000000001, 88.69090909090909]","[108, 50, 11]"
191,87.68117647058824,"[85.93333333333334, 92.10566037735849, 82.6]","[108, 53, 9]"
192,87.33176470588235,"[86.26415094339623, 89.23846153846155, 88.5]","[106, 52, 12]"
193,87.03157894736843,"[84.56697247706421, 89.71764705882353, 99.0]","[109, 51, 11]"
194,86.5456647398844,"[84.34285714285714, 89.13, 96.075]","[105, 60, 8]"
195,86.31676300578034,"[84.13805309734514, 90.10588235294118, 92.2]","[113, 51, 9]"
196,86.256,"[83.59646017699116, 92.11153846153846, 85.86000000000001]","[113, 52, 10]"
197,86.5125,"[83.90892857142858, 91.2566037735849, 90.16363636363637]","[112, 53, 11]"
198,86.23636363636363,"[82.98857142857143, 92.17741935483872, 83.2]","[105, 62, 9]"
199,86.38983050847457,"[83.85981308411215, 90.09, 91.26]","[107, 60, 10]"
200,85.99322033898306,"[82.54285714285714, 93.46153846153845, 85.84615384615385]","[112, 52, 13]"
201,85.58089887640449,"[82.11504424778761, 91.73454545454545, 90.9]","[113, 55, 10]"
202,85.45955056179776,"[81.88392857142858, 92.1103448275862, 87.3]","[112, 58, 8]"
203,85.91460674157304,"[84.74862385321101, 87.12580645161292, 93.34285714285714]","[109, 62, 7]"
204,84.80111731843576,"[81.98319327731093, 90.83571428571429, 84.15]","[119, 56, 4]"
205,84.64022346368715,"[83.36923076923078, 87.82105263157895, 78.12]","[117, 57, 5]"
206,84.07709497206703,"[83.43529411764706, 85.284, 85.68]","[119, 50, 10]"
207,84.66,"[83.01724137931035, 87.68135593220339, 87.12]","[116, 59, 5]"
208,84.00331491712707,"[82.98, 87.84, 69.3]","[120, 55, 6]"
209,83.79447513812156,"[83.88305084745762, 84.82105263157895, 72.3]","[118, 57, 6]"
210,84.12265193370166,"[82.49268292682927, 88.78775510204082, 81.0]","[123, 49, 9]"
211,84.38241758241757,"[84.23697478991598, 83.89285714285714, 90.77142857142857]","[119, 56, 7]"
212,84.52131147540983,"[83.31639344262295, 87.78461538461538, 82.0]","[122, 52, 9]"
213,85.21297297297296,"[84.16134453781513, 88.2, 81.0]","[119, 56, 10]"
214,84.75483870967741,"[84.87079646017699, 85.18153846153847, 79.65]","[113, 65, 8]"
215,84.66737967914439,"[83.82857142857142, 86.74736842105263, 82.96363636363637]","[119, 57, 11]"
216,84.51336898395722,"[83.29915966386555, 86.75357142857143, 86.10000000000001]","[119, 56, 12]"
217,84.54255319148936,"[82.87438016528925, 87.37894736842105, 88.56]","[121, 57, 10]"
218,85.19361702127661,"[84.4724409448819, 87.12765957446808, 85.24285714285713]","[127, 47, 14]"
219,85.26666666666668,"[82.88709677419355, 90.27169811320755, 87.75]","[124, 53, 12]"
220,85.43809523809524,"[82.88709677419355, 91.96071428571429, 80.0]","[124, 56, 9]"
221,86.16315789473686,"[86.01951219512195, 85.8, 90.0]","[123, 57, 10]"
222,86.43789473684211,"[84.27142857142857, 90.31764705882354, 92.21538461538462]","[126, 51, 13]"
223,86.8875,"[85.05, 89.27368421052633, 95.23636363636363]","[124, 57, 11]"
224,86.9938144329897,"[85.104, 90.45, 90.27692307692308]","[125, 56, 13]"
225,86.56530612244899,"[85.2912, 89.63389830508474, 84.75]","[125, 59, 12]"
226,86.96984924623115,"[85.63636363636364, 91.53818181818181, 80.7]","[132, 55, 12]"
227,87.372,"[87.3, 86.73559322033898, 91.63636363636364]","[130, 59, 11]"
228,87.453,"[85.97014925373135, 91.21153846153845, 87.68571428571428]","[134, 52, 14]"
229,87.70746268656717,"[86.77674418604651, 91.17, 80.39999999999999]","[129, 60, 12]"
230,87.24179104477612,"[85.78636363636363, 91.10526315789474, 84.89999999999999]","[132, 57, 12]"
231,87.3492537313433,"[86.93858267716536, 87.62857142857143, 90.4909090909091]","[127, 63, 11]"
232,87.92376237623763,"[87.47142857142858, 88.228125, 91.05000000000001]","[126, 64, 12]"
233,87.9861386138614,"[88.85076923076923, 86.70508474576272, 85.15384615384616]","[130, 59, 13]"
234,87.27783251231529,"[86.46870229007634, 89.15806451612903, 86.22]","[131, 62, 10]"
235,87.49950738916256,"[87.23720930232558, 88.71428571428571, 83.61818181818182]","[129, 63, 11]"
236,86.90926829268292,"[87.16153846153846, 89.915625, 66.43636363636364]","[130, 64, 11]"
237,87.29126213592234,"[87.8, 88.76065573770492, 71.46000000000001]","[135, 61, 10]"
238,87.18640776699029,"[86.05774647887324, 91.575, 76.5]","[142, 56, 8]"
239,87.18640776699029,"[85.29022556390977, 90.95625, 88.4]","[133, 64, 9]"
240,86.60869565217392,"[85.18195488721804, 90.08307692307693, 82.6]","[133, 65, 9]"
241,86.85000000000001,"[85.27972027972028, 91.42758620689656, 81.0]","[143, 58, 7]"
242,86.39134615384616,"[84.19565217391305, 90.88615384615385, 88.56]","[138, 65, 5]"
243,86.27019230769231,"[84.91304347826086, 90.84375, 68.7]","[138, 64, 6]"
244,86.2622009569378,"[85.19124087591241, 89.18709677419355, 82.8]","[137, 62, 10]"
245,85.9090909090909,"[84.44885496183205, 88.68169014084508, 85.11428571428571]","[131, 71, 7]"
246,86.16857142857144,"[83.72727272727273, 91.64117647058823, 81.18]","[132, 68, 10]"
247,85.70377358490566,"[85.2, 90.2281690140845, 57.4]","[132, 71, 9]"
248,85.64433962264151,"[85.9304347826087, 86.00625000000001, 79.38000000000001]","[138, 64, 10]"
249,85.66132075471698,"[84.72676056338028, 89.26229508196721, 76.0]","[142, 61, 9]"
250,85.44558139534884,"[84.45547445255475, 88.77272727272728, 78.45]","[137, 66, 12]"
251,84.26511627906977,"[81.29361702127659, 89.38125000000001, 93.42]","[141, 64, 10]"
252,84.01666666666667,"[81.4943661971831, 88.57142857142858, 90.4909090909091]","[142, 63, 11]"
253,84.87247706422019,"[83.19295774647887, 88.31428571428572, 86.53846153846155]","[142, 63, 13]"
254,84.75688073394495,"[83.04428571428572, 88.1470588235294, 85.68]","[140, 68, 10]"
255,85.4958904109589,"[83.11079136690647, 89.48219178082192, 91.28571428571429]","[139, 73, 7]"
256,85.87636363636364,"[82.60985915492958, 91.43478260869566, 94.8]","[142, 69, 9]"
257,86.35927601809955,"[83.52244897959184, 92.12727272727273, 90.9]","[147, 66, 8]"
258,86.00904977375566,"[83.42352941176472, 91.83050847457628, 91.8]","[153, 59, 9]"
259,86.75022624434389,"[85.21678321678321, 89.25, 93.30000000000001]","[143, 72, 6]"
260,87.05158371040724,"[85.77887323943662, 89.92285714285714, 84.80000000000001]","[142, 70, 9]"
261,86.85405405405406,"[86.23862068965518, 89.74647887323944, 67.5]","[145, 71, 6]"
262,87.144,"[87.64054054054054, 88.1735294117647, 71.2]","[148, 68, 9]"
263,87.22035398230088,"[86.93154362416108, 87.07164179104478, 92.52]","[149, 67, 10]"
264,87.45462555066081,"[87.43892617449666, 88.3304347826087, 81.0]","[149, 69, 9]"
265,87.18157894736842,"[86.36447368421054, 89.94545454545455, 81.36000000000001]","[152, 66, 10]"
266,87.20960698689957,"[85.46249999999999, 90.7, 87.23076923076923]","[144, 72, 13]"
267,87.52207792207793,"[85.20428571428572, 91.776, 87.8625]","[140, 75, 16]"
268,87.69568965517242,"[86.53288590604028, 90.48857142857143, 85.98461538461538]","[149, 70, 13]"
269,87.76738197424892,"[87.37297297297297, 88.44657534246576, 88.5]","[148, 73, 12]"
270,87.75965665236052,"[87.1944827586207, 88.80810810810812, 88.07142857142858]","[145, 74, 14]"
271,87.67914893617022,"[86.66577181208054, 88.85217391304349, 91.8]","[149, 69, 17]"
272,87.86297872340425,"[86.06962025316456, 90.84375, 94.98461538461538]","[158, 64, 13]"
273,87.77106382978724,"[85.77290322580644, 91.05882352941177, 94.95]","[155, 68, 12]"
274,87.73474576271187,"[86.76, 90.3, 84.9857142857143]","[150, 72, 14]"
275,87.68898305084745,"[86.90259740259741, 89.35890410958905, 87.6]","[154, 73, 9]"
276,87.68354430379748,"[87.54117647058824, 87.168, 94.4]","[153, 75, 9]"
277,87.64033613445378,"[86.98026315789474, 87.93243243243244, 94.2]","[152, 74, 12]"
278,87.78,"[85.99615384615386, 92.12727272727273, 79.71428571428571]","[156, 77, 7]"
279,88.19253112033195,"[87.87692307692308, 87.90810810810811, 94.58181818181819]","[156, 74, 11]"
280,87.87272727272727,"[86.97324840764331, 88.64383561643835, 94.95]","[157, 73, 12]"
281,87.58518518518518,"[86.47826086956522, 90.41538461538462, 87.24705882352941]","[161, 65, 17]"
282,87.22962962962963,"[85.97368421052632, 89.17105263157895, 90.12]","[152, 76, 15]"
283,87.17877551020409,"[86.74615384615385, 88.17534246575343, 86.85000000000001]","[156, 73, 16]"
284,86.67183673469387,"[84.96687898089172, 90.48, 85.2923076923077]","[157, 75, 13]"
285,85.95183673469387,"[84.06335403726708, 91.7, 76.8]","[161, 72, 12]"
286,86.06341463414634,"[84.6343949044586, 88.8379746835443, 86.58]","[157, 79, 10]"
287,86.31255060728746,"[84.09375, 90.7012987012987, 88.02]","[160, 77, 10]"
288,86.23238866396761,"[84.32560975609756, 90.02465753424657, 89.82]","[164, 73, 10]"
289,85.91902834008097,"[83.79759036144578, 91.29295774647888, 82.98]","[166, 71, 10]"
290,85.95180722891567,"[84.50181818181818, 89.82972972972973, 81.18]","[165, 74, 10]"
291,85.95360000000001,"[83.45853658536586, 91.63636363636364, 82.8]","[164, 77, 9]"
292,86.37131474103585,"[84.6867469879518, 89.45316455696202, 92.4]","[166, 79, 6]"
293,86.53571428571428,"[84.60000000000001, 91.2, 87.54545454545455]","[172, 69, 11]"
294,87.20395256916996,"[85.97777777777777, 89.28888888888889, 90.18]","[162, 81, 10]"
295,87.25748031496063,"[85.13333333333334, 91.40963855421687, 87.2]","[162, 83, 9]"
296,87.48281250000001,"[84.38823529411765, 94.77600000000001, 85.58181818181819]","[170, 75, 11]"
297,87.13540856031129,"[85.08, 91.48235294117647, 82.8]","[165, 85, 7]"
298,87.16342412451363,"[85.35, 90.66666666666667, 89.775]","[168, 81, 8]"
299,87.32451361867705,"[86.33454545454545, 89.325, 87.6]","[165, 80, 12]"
300,87.13540856031129,"[86.67857142857143, 86.98378378378378, 93.0]","[168, 74, 15]"
301,86.72918287937743,"[85.80361445783133, 89.08831168831169, 84.72857142857143]","[166, 77, 14]"
302,87.04186046511627,"[86.37869822485207, 88.64415584415585, 86.10000000000001]","[169, 77, 12]"
303,86.95116279069768,"[87.27906976744187, 87.575, 79.71428571428571]","[172, 72, 14]"
304,87.05328185328185,"[87.80591715976331, 86.1923076923077, 82.05000000000001]","[169, 78, 12]"
305,86.61984732824428,"[86.45172413793104, 88.83243243243244, 77.01428571428572]","[174, 74, 14]"
306,86.37251908396946,"[86.60883977900552, 86.4, 83.18571428571428]","[181, 67, 14]"
307,86.28365019011407,"[84.87243243243243, 88.80000000000001, 96.0]","[185, 69, 9]"
308,86.4611320754717,"[86.59106145251397, 85.94430379746835, 88.97142857142858]","[179, 79, 7]"
309,86.70337078651686,"[86.17, 87.525, 89.16]","[180, 72, 15]"
310,87.37078651685393,"[86.0421052631579, 89.84050632911392, 89.25882352941176]","[171, 79, 17]"
311,87.54850746268657,"[85.58372093023256, 90.8888888888889, 92.04]","[172, 81, 15]"
312,87.84666666666666,"[86.16477272727272, 91.10249999999999, 90.38571428571429]","[176, 80, 14]"
313,88.16029411764706,"[86.23093922651934, 91.872, 92.5875]","[181, 75, 16]"
314,88.40514705882353,"[87.12413793103448, 89.93493975903614, 94.8]","[174, 83, 15]"
315,88.83956043956044,"[87.69152542372882, 90.31898734177214, 93.91764705882353]","[177, 79, 17]"
316,89.11956521739131,"[87.81573033707865, 91.3725, 92.00000000000001]","[178, 80, 18]"
317,88.27122302158274,"[88.43606557377049, 88.17662337662338, 87.0]","[183, 77, 18]"
318,87.78561151079137,"[88.34, 87.38181818181819, 84.5142857142857]","[180, 77, 21]"
319,87.72733812949642,"[87.58659217877096, 88.42222222222222, 86.0]","[179, 81, 18]"
320,87.0863309352518,"[86.57802197802198, 90.5625, 75.4875]","[182, 80, 16]"
321,87.03453237410072,"[85.59344262295082, 93.57721518987343, 71.2125]","[183, 79, 16]"
322,87.31612903225806,"[85.94494382022472, 89.7, 89.89411764705882]","[178, 84, 17]"
323,87.61067615658364,"[85.79337016574587, 90.95421686746988, 90.63529411764706]","[181, 83, 17]"
324,87.80284697508897,"[86.21904761904761, 91.15384615384616, 90.51428571428572]","[189, 78, 14]"
325,88.04788732394367,"[87.50695187165776, 88.13720930232559, 96.54545454545455]","[187, 86, 11]"
326,88.44,"[87.4818652849741, 90.36923076923077, 90.9]","[193, 78, 14]"
327,88.92377622377622,"[87.75, 90.60674157303372, 94.01538461538462]","[184, 89, 13]"
328,88.74755244755245,"[88.34673913043478, 89.89285714285714, 87.50000000000001]","[184, 84, 18]"
329,88.82090592334495,"[88.48272251308902, 89.1675, 91.125]","[191, 80, 16]"
330,88.35052264808363,"[88.23891891891891, 88.15813953488372, 90.675]","[185, 86, 16]"
331,88.19372822299653,"[87.76914893617021, 88.28674698795182, 92.7]","[188, 83, 16]"
332,87.53519163763066,"[86.6054347826087, 89.54482758620689, 87.3]","[184, 87, 16]"
333,87.5875,"[86.88497409326425, 88.28780487804877, 93.60000000000001]","[193, 82, 13]"
334,87.73125,"[86.5904761904762, 90.17142857142858, 88.44]","[189, 84, 15]"
335,87.03125,"[85.75851063829788, 89.4857142857143, 89.10000000000001]","[188, 84, 16]"
336,87.00415224913495,"[84.6994974874372, 92.74736842105264, 88.58571428571429]","[199, 76, 14]"
337,87.00827586206897,"[85.64545454545456, 90.5111111111111, 85.74545454545454]","[198, 81, 11]"
338,86.70927835051546,"[85.4676923076923, 89.39302325581396, 87.84]","[195, 86, 10]"
339,86.11546391752577,"[84.95454545454545, 88.02439024390245, 92.78181818181818]","[198, 82, 11]"
340,85.90515463917527,"[84.27272727272728, 88.65, 96.2]","[198, 84, 9]"
341,86.20955631399318,"[85.66903553299493, 86.66896551724139, 93.60000000000001]","[197, 87, 9]"
342,86.27142857142857,"[84.53076923076922, 90.84, 88.03636363636363]","[208, 75, 11]"
343,86.46101694915255,"[85.06108374384236, 89.14736842105263, 91.4625]","[203, 76, 16]"
344,86.59393939393941,"[84.61846153846155, 90.39767441860465, 90.22500000000001]","[195, 86, 16]"
345,86.76241610738255,"[84.64663212435232, 91.39090909090909, 86.82352941176471]","[193, 88, 17]"
346,86.87114093959732,"[86.315625, 88.2439024390244, 86.625]","[192, 82, 24]"
347,87.066,"[85.88969072164949, 90.18837209302325, 85.05]","[194, 86, 20]"
348,86.5016611295681,"[85.509, 89.13253012048193, 85.4]","[200, 83, 18]"
349,86.07707641196014,"[85.50461538461538, 86.44044943820225, 90.74117647058824]","[195, 89, 17]"
350,86.55496688741722,"[85.14545454545456, 89.06896551724138, 90.10588235294118]","[198, 87, 17]"
351,86.49473684210527,"[85.77931034482759, 88.53882352941177, 84.7125]","[203, 85, 16]"
352,85.90855263157896,"[85.23127962085309, 86.4, 92.88000000000001]","[211, 78, 15]"
353,86.2,"[85.12641509433962, 89.04155844155844, 86.71764705882353]","[212, 77, 17]"
354,86.42922077922078,"[86.73203883495147, 86.78117647058824, 81.0]","[206, 85, 17]"
355,86.64545454545454,"[85.68857142857144, 90.46666666666667, 80.25882352941176]","[210, 81, 17]"
356,86.85436893203884,"[85.80882352941177, 88.58863636363637, 90.4235294117647]","[204, 88, 17]"
357,87.22135922330096,"[86.27081339712919, 88.70232558139536, 92.31428571428572]","[209, 86, 14]"
358,87.63279742765273,"[87.19906542056076, 88.74, 87.88235294117646]","[214, 80, 17]"
359,88.22307692307692,"[87.43714285714286, 88.7860465116279, 95.5125]","[210, 86, 16]"
360,88.5173076923077,"[87.28669950738917, 90.0, 94.6421052631579]","[203, 90, 19]"
361,88.38402555910542,"[86.3914691943128, 93.60000000000001, 86.16]","[211, 87, 15]"
362,88.54285714285714,"[87.13177570093458, 90.64, 98.83636363636363]","[214, 90, 11]"
363,88.88138801261829,"[87.63906976744185, 91.77882352941177, 90.10588235294118]","[215, 85, 17]"
364,88.72807570977918,"[88.1, 89.87142857142858, 91.05882352941177]","[216, 84, 17]"
365,88.44984227129338,"[86.85000000000001, 92.6, 86.16]","[212, 90, 15]"
366,88.29028213166144,"[87.85876777251185, 88.5956043956044, 92.01176470588236]","[211, 91, 17]"
367,88.18871473354231,"[87.62803738317757, 89.47674418604652, 88.67368421052632]","[214, 86, 19]"
368,87.856875,"[87.12676056338029, 89.26, 89.5764705882353]","[213, 90, 17]"
369,87.7472049689441,"[86.31705069124425, 92.11648351648351, 81.51428571428572]","[217, 91, 14]"
370,87.4421052631579,"[85.47945205479452, 91.73932584269663, 90.60000000000001]","[219, 89, 15]"
371,87.56307692307692,"[86.07348837209302, 90.07272727272728, 94.0909090909091]","[215, 99, 11]"
372,86.78532110091743,"[84.9467889908257, 90.54947368421053, 89.87142857142858]","[218, 95, 14]"
373,86.76880733944955,"[84.93802816901409, 89.52244897959184, 94.275]","[213, 98, 16]"
374,86.9306990881459,"[85.30325581395348, 89.8258064516129, 90.77142857142857]","[215, 93, 21]"
375,86.68449848024316,"[84.71612903225807, 90.675, 89.4375]","[217, 96, 16]"
376,86.11550151975683,"[84.75616438356165, 89.11914893617022, 87.075]","[219, 94, 16]"
377,85.77818181818182,"[83.824, 90.24, 88.32000000000001]","[225, 90, 15]"
378,86.00727272727273,"[85.28773584905662, 88.71428571428571, 80.37]","[212, 98, 20]"
379,86.0737160120846,"[85.87873303167422, 86.42, 86.67]","[221, 90, 20]"
380,86.5355421686747,"[85.73424657534247, 89.07272727272728, 81.12857142857143]","[219, 99, 14]"
381,86.5945945945946,"[85.86912442396314, 88.902, 82.0125]","[217, 100, 16]"
382,86.68562874251498,"[85.98785046728972, 87.95533980582525, 87.7764705882353]","[214, 103, 17]"
383,86.31377245508982,"[85.40747663551402, 87.68823529411766, 89.30000000000001]","[214, 102, 18]"
384,86.14208955223882,"[84.75336322869956, 89.39999999999999, 85.15384615384616]","[223, 99, 13]"
385,85.7068656716418,"[84.51121076233183, 87.94545454545455, 89.16923076923078]","[223, 99, 13]"
386,85.98872403560831,"[83.5875, 91.656, 83.76923076923077]","[224, 100, 13]"
387,85.21242603550296,"[83.88782608695652, 88.00851063829788, 88.2]","[230, 94, 14]"
388,84.9621301775148,"[83.52645739910314, 87.54545454545455, 88.9875]","[223, 99, 16]"
389,84.65325443786983,"[83.46902654867257, 87.41584158415843, 83.61818181818182]","[226, 101, 11]"
390,84.8064705882353,"[83.49473684210525, 88.43636363636364, 80.16923076923078]","[228, 99, 13]"
391,84.70058823529412,"[83.95770925110132, 86.328, 85.15384615384616]","[227, 100, 13]"
392,84.47294117647058,"[83.01038961038961, 87.85531914893618, 85.8]","[231, 94, 15]"
393,84.17894736842105,"[83.14096916299559, 86.004, 87.72]","[227, 100, 15]"
394,83.85263157894738,"[82.33305439330545, 87.48837209302326, 86.82352941176471]","[239, 86, 17]"
395,83.93877551020408,"[83.0027027027027, 85.85142857142857, 84.375]","[222, 105, 16]"
396,84.07151162790699,"[82.82347826086956, 87.0909090909091, 83.28]","[230, 99, 15]"
397,84.62086956521739,"[84.17692307692309, 86.58749999999999, 78.96000000000001]","[234, 96, 15]"
398,84.93294797687862,"[84.44250000000001, 86.91702127659575, 79.2]","[240, 94, 12]"
399,84.62080924855492,"[84.05150214592274, 86.98775510204081, 78.0]","[233, 98, 15]"
400,84.38150289017342,"[83.8468619246862, 86.60412371134021, 75.60000000000001]","[239, 97, 10]"
401,83.80344827586207,"[83.4051724137931, 85.97755102040816, 77.10000000000001]","[232, 98, 18]"
402,83.17758620689655,"[83.36103896103897, 84.60000000000001, 73.0]","[231, 99, 18]"
403,83.22292263610316,"[82.56824034334765, 85.59183673469389, 78.8]","[233, 98, 18]"
404,83.196,"[82.19469026548673, 85.31009174311927, 82.92]","[226, 109, 15]"
405,82.93846153846155,"[81.68936170212767, 85.78181818181818, 83.6470588235294]","[235, 99, 17]"
406,83.49545454545454,"[82.48558951965065, 84.34285714285714, 91.4]","[229, 105, 18]"
407,83.71534090909091,"[82.66519823788548, 85.56923076923077, 85.88571428571429]","[227, 104, 21]"
408,83.81761363636363,"[83.52155172413794, 84.19805825242719, 85.5529411764706]","[232, 103, 17]"
409,83.43409090909091,"[82.53733905579399, 85.85825242718447, 80.8875]","[233, 103, 16]"
410,83.11193181818182,"[82.66271186440679, 84.97058823529412, 77.14285714285714]","[236, 102, 14]"
411,83.31647727272728,"[83.1846153846154, 83.6470588235294, 83.1375]","[234, 102, 16]"
412,83.16818181818182,"[81.68148148148148, 86.34193548387097, 87.3]","[243, 93, 16]"
413,83.24488636363637,"[81.84098360655737, 86.41894736842106, 86.4]","[244, 95, 13]"
414,83.025,"[82.50967741935483, 85.19340659340659, 77.67692307692307]","[248, 91, 13]"
415,82.53484419263457,"[81.56299559471366, 85.49203539823009, 73.8]","[227, 113, 13]"
416,82.96317280453258,"[82.1064935064935, 85.18909090909091, 79.05]","[231, 110, 12]"
417,83.24745762711865,"[82.75609756097562, 84.82978723404256, 81.25714285714287]","[246, 94, 14]"
418,83.64676056338028,"[83.12170212765959, 84.40961538461538, 86.4]","[235, 104, 16]"
419,83.8343661971831,"[83.13702127659575, 86.08235294117647, 80.2]","[235, 102, 18]"
420,84.37247191011237,"[83.51072961373391, 85.46666666666667, 89.88]","[233, 108, 15]"
421,84.30168539325844,"[83.5682008368201, 85.518, 87.45882352941176]","[239, 100, 17]"
422,84.88314606741572,"[84.8048780487805, 85.23, 83.34]","[246, 100, 10]"
423,85.12078651685393,"[85.02000000000001, 86.81818181818181, 76.65882352941176]","[240, 99, 17]"
424,84.9126050420168,"[84.89495798319328, 86.10291262135922, 77.5125]","[238, 103, 16]"
425,84.41899441340783,"[82.67999999999999, 88.57058823529411, 84.03750000000001]","[240, 102, 16]"
426,85.04,"[83.03544303797469, 88.94594594594595, 88.5]","[237, 111, 12]"
427,85.56,"[83.38257261410789, 90.702, 86.11578947368422]","[241, 100, 19]"
428,85.49000000000001,"[84.89872340425532, 86.8, 85.34117647058824]","[235, 108, 17]"
429,85.5623268698061,"[85.01652892561984, 86.45744680851064, 87.48]","[242, 94, 25]"
430,85.27313019390581,"[85.67407407407408, 86.56701030927836, 74.65714285714286]","[243, 97, 21]"
431,85.53240997229918,"[85.12897959183674, 86.97029702970298, 82.44]","[245, 101, 15]"
432,85.2364640883978,"[84.56974789915967, 87.36, 81.85263157894737]","[238, 105, 19]"
433,84.77355371900826,"[85.07177419354839, 83.988, 85.08]","[248, 100, 15]"
434,84.46191780821918,"[84.76494023904382, 84.67272727272727, 78.0]","[251, 99, 15]"
435,84.4672131147541,"[84.82131147540984, 84.12897196261683, 81.12]","[244, 107, 15]"
436,84.37377049180328,"[84.04615384615386, 85.8, 80.5764705882353]","[247, 102, 17]"
437,84.13532608695652,"[83.4382470119522, 85.84752475247525, 84.2625]","[251, 101, 16]"
438,84.15243243243243,"[83.73852140077821, 86.32727272727273, 76.37142857142858]","[257, 99, 14]"
439,84.62425876010782,"[83.7394422310757, 87.98400000000001, 78.93]","[251, 100, 20]"
440,83.60806451612903,"[83.13705179282869, 85.7423076923077, 77.50588235294119]","[251, 104, 17]"
441,83.66863270777479,"[83.53992094861661, 84.0118811881188, 83.5578947368421]","[253, 101, 19]"
442,83.76997319034852,"[84.30714285714286, 83.83636363636364, 77.31818181818181]","[252, 99, 22]"
443,83.95026737967915,"[84.01889763779528, 85.14, 77.13000000000001]","[254, 100, 20]"
444,83.72160000000001,"[83.44435797665369, 86.34375, 75.51818181818182]","[257, 96, 22]"
445,83.184,"[84.52355212355212, 80.62941176470589, 77.01428571428572]","[259, 102, 14]"
446,83.1072,"[82.77251908396947, 84.42580645161291, 81.36000000000001]","[262, 93, 20]"
447,83.4144,"[83.01968503937009, 86.04705882352941, 74.5578947368421]","[254, 102, 19]"
448,83.47320954907163,"[84.5503937007874, 84.69, 66.28695652173914]","[254, 100, 23]"
449,83.69287598944591,"[83.68615384615384, 85.64117647058823, 72.10588235294118]","[260, 102, 17]"
450,83.72612137203167,"[83.66872586872587, 84.91153846153846, 76.95]","[259, 104, 16]"
451,83.57414248021108,"[84.07806691449814, 83.50434782608696, 76.4]","[269, 92, 18]"
452,83.46015831134565,"[83.4609375, 84.89708737864079, 76.05]","[256, 103, 20]"
453,83.29393139841689,"[84.4734375, 81.52941176470588, 77.4857142857143]","[256, 102, 21]"
454,82.89473684210527,"[84.51529411764706, 81.36363636363636, 72.83076923076923]","[255, 99, 26]"
455,82.62047244094488,"[82.91679389312978, 85.91752577319588, 64.55454545454546]","[262, 97, 22]"
456,82.6303664921466,"[83.12790697674419, 84.02884615384616, 68.94]","[258, 104, 20]"
457,82.92251308900525,"[82.275, 88.51224489795919, 64.08]","[264, 98, 20]"
458,83.465625,"[83.2840909090909, 84.75728155339806, 78.45882352941176]","[264, 103, 17]"
459,83.07116883116883,"[82.36717557251909, 86.11764705882354, 77.05714285714286]","[262, 102, 21]"
460,83.06113989637306,"[82.49885931558936, 86.43529411764706, 73.71428571428571]","[263, 102, 21]"
461,83.11546391752579,"[82.69007633587786, 87.27476635514019, 65.5578947368421]","[262, 107, 19]"
462,82.92956298200514,"[82.20926640926642, 87.53513513513515, 65.8421052631579]","[259, 111, 19]"
463,82.87866323907456,"[83.11969111969113, 83.84464285714286, 73.4]","[259, 112, 18]"
464,83.12390745501285,"[83.73127413127413, 83.55963302752293, 73.37142857142857]","[259, 109, 21]"
465,82.59692307692308,"[83.37272727272727, 83.025, 71.26363636363637]","[264, 104, 22]"
466,82.79081632653062,"[83.2909090909091, 84.95, 64.53]","[264, 108, 20]"
467,82.96989795918367,"[82.67727272727272, 85.63333333333334, 72.45]","[264, 108, 20]"
468,82.38673469387756,"[82.63636363636364, 84.48333333333333, 67.77]","[264, 108, 20]"
469,82.41984732824429,"[83.42490566037736, 84.44571428571429, 61.59130434782609]","[265, 105, 23]"
470,82.51603053435115,"[82.77946768060836, 85.14642857142857, 62.300000000000004]","[263, 112, 18]"
471,83.08781725888325,"[83.61444866920152, 83.5578947368421, 71.78823529411765]","[263, 114, 17]"
472,83.32272727272728,"[84.25054945054944, 83.53398058252428, 69.57]","[273, 103, 20]"
473,83.40755667506298,"[84.60000000000001, 83.13962264150943, 70.11818181818182]","[269, 106, 22]"
474,83.77934508816121,"[84.94538745387453, 84.35533980582524, 67.4608695652174]","[271, 103, 23]"
475,83.80854271356785,"[85.61467181467181, 82.03728813559323, 71.4857142857143]","[259, 118, 21]"
476,84.23366834170854,"[86.35909090909091, 84.28909090909092, 60.599999999999994]","[264, 110, 24]"
477,84.41052631578947,"[87.23129770992367, 82.83214285714287, 61.92]","[262, 112, 25]"
478,84.02543640897755,"[85.76, 84.9302752293578, 58.254545454545465]","[270, 109, 22]"
479,84.41641791044776,"[87.0557620817844, 82.63783783783784, 61.11818181818182]","[269, 111, 22]"
480,84.08955223880596,"[85.4608695652174, 83.89714285714285, 67.02857142857144]","[276, 105, 21]"
481,83.48507462686567,"[84.86277372262774, 83.06422018348624, 66.03157894736842]","[274, 109, 19]"
482,83.69104477611941,"[83.9076923076923, 86.14766355140186, 69.05454545454546]","[273, 107, 22]"
483,83.82537313432836,"[84.2101083032491, 86.27766990291262, 67.5]","[277, 103, 22]"
484,83.41191066997519,"[83.36774193548388, 86.24117647058824, 70.85454545454546]","[279, 102, 22]"
485,83.19751861042184,"[83.09891696750903, 85.82330097087379, 72.62608695652175]","[277, 103, 23]"
486,83.52178217821783,"[83.24338235294118, 85.75135135135136, 75.34285714285714]","[272, 111, 21]"
487,83.72888888888889,"[83.84175824175824, 84.45272727272729, 78.7090909090909]","[273, 110, 22]"
488,83.97931034482758,"[83.9514705882353, 84.90535714285714, 79.60909090909091]","[272, 112, 22]"
489,84.48472906403941,"[84.63870967741936, 87.2057142857143, 69.54545454545455]","[279, 105, 22]"
490,84.98382352941177,"[85.50666666666667, 85.3603448275862, 76.58181818181819]","[270, 116, 22]"
491,85.23374083129585,"[84.74945848375452, 88.83818181818181, 73.30909090909091]","[277, 110, 22]"
492,85.41897810218978,"[85.12258064516129, 88.13628318584071, 73.61052631578947]","[279, 113, 19]"
493,85.66423357664235,"[85.24285714285713, 88.44545454545454, 76.71428571428572]","[280, 110, 21]"
494,85.74466019417476,"[85.7589928057554, 86.66379310344827, 79.6]","[278, 116, 18]"
495,85.68349514563107,"[85.92258064516129, 86.38448275862069, 76.9764705882353]","[279, 116, 17]"
496,85.5304347826087,"[86.20434782608696, 84.92307692307693, 80.05714285714285]","[276, 117, 21]"
497,85.58695652173914,"[86.30459363957597, 86.3, 73.40869565217392]","[283, 108, 23]"
498,85.15217391304348,"[86.37362637362638, 85.7895652173913, 69.50769230769231]","[273, 115, 26]"
499,85.19130434782609,"[87.17608695652173, 83.2695652173913, 70.98260869565217]","[276, 115, 23]"
500,85.17548076923077,"[85.43076923076923, 87.7090909090909, 67.59]","[286, 110, 20]"
501,85.65071770334929,"[85.24599303135889, 89.42727272727272, 71.39999999999999]","[287, 110, 21]"
502,85.75131264916469,"[85.71521739130435, 86.60655737704919, 81.25714285714287]","[276, 122, 21]"
503,85.6646080760095,"[85.97535211267606, 86.41538461538462, 76.86000000000001]","[284, 117, 20]"
504,85.63040380047505,"[86.10638297872342, 85.94237288135594, 77.4857142857143]","[282, 118, 21]"
505,85.5127962085308,"[85.77062937062938, 87.8108108108108, 72.36000000000001]","[286, 111, 25]"
506,85.51063829787235,"[87.08142857142857, 84.24878048780488, 71.28]","[280, 123, 20]"
507,85.48510638297873,"[86.26829268292684, 86.64545454545454, 71.93076923076923]","[287, 110, 26]"
508,85.70801886792452,"[86.33125000000001, 86.16315789473686, 75.19090909090909]","[288, 114, 22]"
509,85.60376470588236,"[86.4, 85.97288135593222, 73.87826086956521]","[284, 118, 23]"
510,85.76915887850468,"[85.58630136986301, 88.41913043478262, 73.8]","[292, 115, 21]"
511,85.52727272727273,"[86.09895470383275, 86.58, 72.32727272727273]","[287, 120, 22]"
512,85.22517482517483,"[85.90676156583629, 86.87213114754098, 70.13076923076923]","[281, 122, 26]"
513,85.02180974477959,"[86.36808510638298, 85.89661016949152, 69.44516129032257]","[282, 118, 31]"
514,85.15833333333333,"[85.70580204778157, 86.15172413793103, 73.17391304347827]","[293, 116, 23]"
515,84.85357967667436,"[84.9857142857143, 87.0, 69.25263157894737]","[294, 120, 19]"
516,84.84526558891456,"[84.72543554006968, 87.046875, 71.10000000000001]","[287, 128, 18]"
517,84.52101616628175,"[85.40346020761245, 86.79512195121951, 59.05714285714286]","[289, 123, 21]"
518,84.97741935483872,"[86.18125, 86.03114754098361, 65.17500000000001]","[288, 122, 24]"
519,84.81055045871561,"[86.36874999999999, 84.4992, 66.99130434782609]","[288, 125, 23]"
520,84.5711009174312,"[86.0472972972973, 84.10909090909091, 64.51578947368422]","[296, 121, 19]"
521,84.47671232876714,"[84.81140939597316, 87.06942148760331, 62.71578947368422]","[298, 121, 19]"
522,84.4972602739726,"[85.45231788079471, 86.17894736842105, 62.67272727272728]","[302, 114, 22]"
523,84.53439635535308,"[85.512, 85.32307692307693, 67.00909090909092]","[300, 117, 22]"
524,84.09387755102041,"[85.06032786885247, 85.13684210526316, 65.2909090909091]","[305, 114, 22]"
525,84.01224489795919,"[84.02516129032259, 86.86607142857143, 66.97894736842105]","[310, 112, 19]"
526,84.09387755102041,"[85.56923076923077, 83.088, 65.54117647058824]","[299, 125, 17]"
527,84.31621621621622,"[84.89605263157895, 85.89913043478262, 69.98400000000001]","[304, 115, 25]"
528,84.12674157303371,"[84.79009900990098, 84.9327731092437, 71.21739130434783]","[303, 119, 23]"
529,83.74228187919464,"[83.58461538461539, 86.97272727272728, 71.496]","[312, 110, 25]"
530,83.55302013422819,"[83.75151515151515, 84.825, 73.47272727272728]","[297, 128, 22]"
531,83.27114093959732,"[83.09508196721312, 85.22479338842976, 74.57142857142858]","[305, 121, 21]"
532,83.278125,"[84.10588235294118, 83.48275862068967, 72.62307692307692]","[306, 116, 26]"
533,83.11670378619154,"[84.04429530201342, 84.35076923076923, 62.31428571428572]","[298, 130, 21]"
534,83.4173719376392,"[83.47784810126582, 85.87636363636364, 70.82608695652175]","[316, 110, 23]"
535,83.4815144766147,"[83.62402597402598, 85.80983606557376, 66.22105263157896]","[308, 122, 19]"
536,83.73200000000001,"[84.8183606557377, 85.28225806451614, 58.8]","[305, 124, 21]"
537,84.02527716186253,"[85.27350993377483, 85.07142857142857, 61.904347826086955]","[302, 126, 23]"
538,84.44035476718405,"[85.75714285714287, 84.25785123966942, 67.00909090909092]","[308, 121, 22]"
539,84.83097345132744,"[85.09872611464968, 87.46153846153847, 66.17142857142856]","[314, 117, 21]"
540,84.75132743362832,"[85.3073482428115, 87.77288135593221, 59.485714285714295]","[313, 118, 21]"
541,83.97615894039735,"[83.8485436893204, 87.07317073170732, 67.71428571428572]","[309, 123, 21]"
542,84.32643171806167,"[84.54857142857142, 86.43025210084033, 68.31]","[315, 119, 20]"
543,84.11629955947136,"[84.57151898734178, 86.92941176470589, 58.92631578947368]","[316, 119, 19]"
544,83.59120879120879,"[84.29903536977493, 85.74, 63.675000000000004]","[311, 120, 24]"
545,83.31597374179431,"[84.38684210526316, 84.32205882352942, 56.11764705882353]","[304, 136, 17]"
546,83.05882352941177,"[83.91293375394322, 84.88032786885246, 58.410000000000004]","[317, 122, 20]"
547,82.80391304347826,"[83.10280373831776, 86.07692307692308, 61.03636363636363]","[321, 117, 22]"
548,82.66304347826086,"[83.83101265822785, 84.13170731707318, 56.48571428571429]","[316, 123, 21]"
549,82.72597402597404,"[83.34339622641511, 84.53898305084746, 66.94615384615385]","[318, 118, 26]"
550,82.66781857451404,"[83.06623794212219, 84.7872, 68.26666666666667]","[311, 125, 27]"
551,82.7728448275862,"[82.87452229299363, 86.55967741935484, 63.48461538461538]","[314, 124, 26]"
552,82.90815450643777,"[83.22515337423313, 85.51578947368421, 67.5]","[326, 114, 26]"
553,82.5610278372591,"[83.09263803680982, 85.40526315789474, 64.13333333333333]","[326, 114, 27]"
554,82.69593147751605,"[83.58333333333333, 84.39999999999999, 63.969230769230776]","[324, 117, 26]"
555,82.99189765458424,"[83.7423197492163, 85.5496062992126, 58.46086956521739]","[319, 127, 23]"
556,82.84212765957447,"[83.76489028213166, 84.75840000000001, 62.30769230769231]","[319, 125, 26]"
557,83.26242038216562,"[83.85949367088608, 85.51428571428572, 66.97241379310344]","[316, 126, 29]"
558,83.23093220338983,"[84.01111111111112, 84.96000000000001, 62.84347826086956]","[324, 125, 23]"
559,83.58773784355179,"[84.31840490797546, 86.05785123966942, 62.93076923076923]","[326, 121, 26]"
560,84.07705263157895,"[84.50584615384615, 87.66720000000001, 60.552]","[325, 125, 25]"
561,83.96848739495799,"[85.15045871559633, 85.13023255813953, 57.15]","[327, 129, 20]"
562,83.75849056603774,"[83.818125, 86.30666666666667, 67.25454545454546]","[320, 135, 22]"
563,83.42887029288704,"[83.71384615384616, 86.62325581395349, 62.4]","[325, 129, 24]"
564,83.2509394572025,"[84.05169230769232, 86.41374045801527, 53.92173913043478]","[325, 131, 23]"
565,83.61580041580042,"[84.32727272727273, 87.17142857142858, 63.05625]","[330, 119, 32]"
566,83.5954356846473,"[84.29724770642203, 85.03937007874016, 68.85000000000001]","[327, 127, 28]"
567,83.35900621118013,"[83.99076923076923, 85.58796992481203, 63.288]","[325, 133, 25]"
568,83.39504132231404,"[84.98610271903323, 84.4186046511628, 55.949999999999996]","[331, 129, 24]"
569,83.38639175257732,"[84.75135135135135, 84.05581395348837, 59.869565217391305]","[333, 129, 23]"
570,83.50144329896908,"[85.01454545454546, 83.79212598425198, 64.35000000000001]","[330, 127, 28]"
571,83.48008213552362,"[84.5081081081081, 85.9824, 60.8896551724138]","[333, 125, 29]"
572,82.8,"[84.71775700934579, 83.7264705882353, 58.877419354838715]","[321, 136, 31]"
573,82.31042944785277,"[84.43586626139817, 84.85522388059702, 42.300000000000004]","[329, 134, 26]"
574,82.27942973523422,"[84.34363636363636, 83.11603053435115, 55.92]","[330, 131, 30]"
575,82.31242362525458,"[84.61631419939577, 82.49302325581397, 56.961290322580645]","[331, 129, 31]"
576,82.36374745417515,"[83.5464705882353, 86.80319999999999, 45.55384615384615]","[340, 125, 26]"
577,82.17311608961305,"[83.59766763848397, 85.5, 50.464285714285715]","[343, 120, 28]"
578,81.79024390243903,"[83.92631578947368, 82.02439024390245, 53.666666666666664]","[342, 123, 27]"
579,81.99109311740891,"[83.93877551020408, 83.46153846153847, 57.28235294117647]","[343, 117, 34]"
580,81.72727272727272,"[83.7529411764706, 83.64285714285714, 49.6551724137931]","[340, 126, 29]"
581,81.57454545454546,"[83.44324324324324, 84.6406015037594, 46.0551724137931]","[333, 133, 29]"
582,80.74596774193549,"[83.18197674418604, 83.25, 39.728571428571435]","[344, 124, 28]"
583,80.60523138832998,"[83.7264705882353, 80.2854961832061, 41.4]","[340, 131, 26]"
584,80.6855421686747,"[83.75755813953488, 80.40472440944882, 42.86666666666667]","[344, 127, 27]"
585,80.61763527054109,"[82.72151162790698, 83.00160000000001, 46.56]","[344, 125, 30]"
586,80.70420841683368,"[82.96891495601173, 81.89323308270677, 43.488]","[341, 133, 25]"
587,80.02605210420842,"[82.87005988023952, 80.30364963503649, 44.74285714285715]","[334, 137, 28]"
588,79.9704,"[81.99700598802396, 82.64347826086956, 42.62142857142857]","[334, 138, 28]"
589,80.0172,"[82.27214076246334, 82.14923076923078, 43.9448275862069]","[341, 130, 29]"
590,80.20800000000001,"[82.02857142857142, 82.94516129032257, 42.64615384615385]","[350, 124, 26]"
591,80.3245508982036,"[81.67758620689655, 84.8304, 43.392857142857146]","[348, 125, 28]"
592,80.67011952191235,"[82.72196531791909, 81.48188976377953, 52.63448275862069]","[346, 127, 29]"
593,80.47037773359841,"[82.26416184971099, 83.9, 46.509677419354844]","[346, 126, 31]"
594,80.49642857142857,"[82.58338108882522, 85.23529411764706, 44.6]","[349, 119, 36]"
595,80.29565217391304,"[82.78430232558141, 82.35714285714286, 49.300000000000004]","[344, 126, 36]"
596,80.18537549407114,"[83.61391304347826, 79.57099236641221, 43.44]","[345, 131, 30]"
597,79.71936758893281,"[81.50704225352113, 82.6848, 41.05384615384615]","[355, 125, 26]"
598,79.60197628458498,"[81.0, 82.6704, 51.44516129032258]","[350, 125, 31]"
599,80.0130177514793,"[81.09913043478261, 82.74545454545455, 55.5]","[345, 132, 30]"
600,79.9207100591716,"[80.97428571428571, 83.79069767441861, 48.92142857142857]","[350, 129, 28]"
601,79.8271653543307,"[81.98843930635839, 82.0854961832061, 46.16129032258065]","[346, 131, 31]"
602,79.63679060665362,"[81.73728813559323, 81.936, 47.41875]","[354, 125, 32]"
603,79.5839530332681,"[81.3549295774648, 83.16290322580646, 46.06875]","[355, 124, 32]"
604,80.05263157894737,"[82.5051724137931, 81.63779527559055, 52.294736842105266]","[348, 127, 38]"
605,80.50272373540855,"[82.02644628099173, 83.46153846153847, 54.05294117647059]","[363, 117, 34]"
606,80.68194174757282,"[82.6, 82.41322314049587, 54.21176470588235]","[360, 121, 34]"
607,80.90581395348838,"[83.34670487106017, 82.55395683453239, 42.300000000000004]","[349, 139, 28]"
608,81.3063829787234,"[82.97337110481587, 84.2058394160584, 44.800000000000004]","[353, 137, 27]"
609,81.12832369942197,"[83.7854748603352, 81.41538461538462, 49.23870967741936]","[358, 130, 31]"
610,81.00693641618497,"[82.66000000000001, 83.66511627906976, 49.74]","[360, 129, 30]"
611,81.24529750479847,"[83.54380165289255, 83.66456692913385, 44.41935483870967]","[363, 127, 31]"
612,80.74779270633398,"[83.65210084033615, 82.1820895522388, 39.78]","[357, 134, 30]"
613,80.89289827255278,"[83.74378378378378, 82.0413223140496, 41.1]","[370, 121, 30]"
614,80.91724137931035,"[83.90026809651475, 80.655, 43.63448275862069]","[373, 120, 29]"
615,81.1548757170172,"[83.77229916897507, 81.23478260869565, 41.324999999999996]","[361, 138, 24]"
616,80.92786259541985,"[83.21951219512195, 83.00160000000001, 44.1]","[369, 125, 30]"
617,81.0102466793169,"[83.93709677419355, 82.21935483870968, 41.0516129032258]","[372, 124, 31]"
618,81.18444022770399,"[83.87513513513514, 81.39248120300752, 38.550000000000004]","[370, 133, 24]"
619,81.2527514231499,"[83.79395604395604, 82.22608695652174, 38.88]","[364, 138, 25]"
620,81.36818181818182,"[83.53569482288829, 82.49558823529412, 43.416000000000004]","[367, 136, 25]"
621,81.3667924528302,"[84.77897727272727, 79.452, 48.728571428571435]","[352, 150, 28]"
622,81.6079245283019,"[83.84438502673797, 83.13119999999999, 48.483870967741936]","[374, 125, 31]"
623,81.51283018867926,"[83.00422163588391, 85.7376, 39.46153846153846]","[379, 125, 26]"
624,81.95075187969925,"[83.38846153846154, 85.52499999999999, 38.7]","[364, 144, 24]"
625,82.0266416510319,"[84.09756097560977, 84.11386861313868, 43.13333333333333]","[369, 137, 27]"
626,81.7685393258427,"[83.46469002695419, 83.925, 47.6]","[371, 136, 27]"
627,81.7973831775701,"[83.82648648648649, 83.49022556390977, 51.300000000000004]","[370, 133, 32]"
628,81.9,"[83.74736842105264, 84.6595041322314, 52.30285714285714]","[380, 121, 35]"
629,81.26145251396647,"[83.27745358090186, 83.04545454545455, 45.707142857142856]","[377, 132, 28]"
630,81.04014869888476,"[84.05669291338583, 80.4528, 47.41875]","[381, 125, 32]"
631,80.86641929499073,"[83.92978723404255, 81.7279411764706, 33.86666666666667]","[376, 136, 27]"
632,81.23710575139147,"[83.45983827493262, 83.45693430656934, 44.825806451612905]","[371, 137, 31]"
633,80.96660482374769,"[83.36310160427807, 81.56978417266187, 43.269230769230774]","[374, 139, 26]"
634,81.14972273567467,"[83.75579514824797, 82.15714285714286, 44.22]","[371, 140, 30]"
635,81.19926199261992,"[83.39516129032258, 83.31063829787234, 42.76551724137931]","[372, 141, 29]"
636,81.59449541284404,"[84.01935483870969, 83.24347826086957, 49.32]","[372, 138, 35]"
637,81.2245871559633,"[84.05604395604395, 83.725, 43.637837837837836]","[364, 144, 37]"
638,80.88770642201835,"[84.09482288828339, 81.44697986577182, 37.42758620689655]","[367, 149, 29]"
639,81.34223034734919,"[83.87708894878708, 82.116, 40.70769230769231]","[371, 150, 26]"
640,81.3448905109489,"[83.17619047619048, 84.4948905109489, 47.290909090909096]","[378, 137, 33]"
641,81.4090909090909,"[82.96363636363637, 86.4412213740458, 44.417647058823526]","[385, 131, 34]"
642,81.36981818181818,"[84.06892950391645, 81.74890510948906, 45.18000000000001]","[383, 137, 30]"
643,81.1437386569873,"[83.18267716535433, 84.27857142857142, 40.62]","[381, 140, 30]"
644,81.40434782608696,"[83.93045822102427, 83.68767123287671, 45.10285714285715]","[371, 146, 35]"
645,81.428880866426,"[83.44182305630028, 84.56197183098591, 50.76923076923077]","[373, 142, 39]"
646,81.54162162162162,"[83.49336734693877, 84.48837209302326, 47.858823529411765]","[392, 129, 34]"
647,81.40791366906475,"[84.65196850393701, 80.57571428571428, 49.42285714285714]","[381, 140, 35]"
648,81.34640287769784,"[84.11162790697674, 83.06511627906977, 49.050000000000004]","[387, 129, 40]"
649,81.28489208633093,"[83.925, 83.21917808219179, 43.78235294117647]","[376, 146, 34]"
650,81.49677419354839,"[84.2496, 82.0026845637584, 48.917647058823526]","[375, 149, 34]"
651,81.33548387096774,"[83.88376963350785, 82.63521126760564, 47.2764705882353]","[382, 142, 34]"
652,81.32200357781754,"[84.6688524590164, 82.62911392405064, 40.42285714285714]","[366, 158, 35]"
653,81.37219251336899,"[84.8784, 81.99060402684565, 43.34594594594595]","[375, 149, 37]"
654,81.23019538188278,"[85.43776595744681, 81.51971830985916, 45.160000000000004]","[376, 142, 45]"
655,81.13747779751333,"[85.33244680851064, 79.17631578947369, 44.588571428571434]","[376, 152, 35]"
656,81.0,"[84.13488372093023, 82.70666666666668, 45.79024390243902]","[387, 135, 41]"
657,81.25851063829788,"[84.54360313315927, 82.63521126760564, 43.98461538461538]","[383, 142, 39]"
658,80.93321554770318,"[84.0401028277635, 82.18723404255319, 42.449999999999996]","[389, 141, 36]"
659,80.82539682539682,"[85.25540897097625, 79.23576158940398, 41.93513513513514]","[379, 151, 37]"
660,80.53650793650795,"[84.13488372093023, 81.13378378378378, 34.25625]","[387, 148, 32]"
661,80.63174603174603,"[83.96658227848103, 80.20588235294119, 45.65]","[395, 136, 36]"
662,80.47486818980668,"[83.55886889460155, 80.78896551724138, 44.89714285714286]","[389, 145, 35]"
663,80.76357267950964,"[84.0340206185567, 81.26756756756757, 42.377142857142864]","[388, 148, 35]"
664,80.82062937062938,"[83.79437340153453, 83.28979591836735, 35.94705882352941]","[391, 147, 34]"
665,80.76083916083917,"[83.26735218508998, 83.25, 46.56923076923077]","[389, 144, 39]"
666,80.7675392670157,"[84.1812834224599, 81.495, 45.04615384615385]","[374, 160, 39]"
667,80.51080139372822,"[84.084375, 81.88815789473685, 38.88947368421053]","[384, 152, 38]"
668,80.70209059233449,"[83.8734375, 82.98701298701299, 37.1]","[384, 154, 36]"
669,80.9968695652174,"[83.82923076923078, 83.23489932885906, 41.050000000000004]","[390, 149, 36]"
670,80.8,"[83.59398496240601, 81.63453237410073, 48.410526315789475]","[399, 139, 38]"
671,80.934375,"[84.57223650385605, 79.92739726027398, 50.00487804878049]","[389, 146, 41]"
672,80.60625,"[83.4258883248731, 83.63571428571429, 44.05714285714286]","[394, 140, 42]"
673,80.071875,"[83.15, 81.61276595744681, 43.246153846153845]","[396, 141, 39]"
674,79.94375,"[83.7, 81.02553191489362, 29.563636363636366]","[402, 141, 33]"
675,80.2575389948007,"[83.44221105527637, 81.0125, 40.93714285714286]","[398, 144, 35]"
676,80.17162629757786,"[82.58004987531172, 82.93846153846155, 40.12941176470588]","[401, 143, 34]"
677,79.88082901554404,"[83.05778894472363, 80.86250000000001, 41.88648648648649]","[398, 144, 37]"
678,79.86839378238342,"[83.03576826196473, 81.07397260273973, 40.050000000000004]","[397, 146, 36]"
679,79.87461139896374,"[83.24000000000001, 82.36642335766423, 33.81081081081081]","[405, 137, 37]"
680,79.89948186528497,"[84.40050377833754, 80.30571428571429, 36.0]","[397, 140, 42]"
681,79.98341968911917,"[83.67704081632654, 82.1205298013245, 30.8]","[392, 151, 36]"
682,80.31413793103448,"[82.90428211586901, 84.58767123287672, 35.65945945945946]","[397, 146, 37]"
683,80.38241379310345,"[83.08854961832061, 83.664, 38.33513513513514]","[393, 150, 37]"
684,80.74551724137932,"[83.96575682382134, 83.66029411764706, 39.42439024390244]","[403, 136, 41]"
685,80.67779690189329,"[84.93606138107417, 81.07448275862069, 42.400000000000006]","[391, 145, 45]"
686,80.51134020618557,"[84.06818181818181, 84.0625, 34.8]","[396, 144, 42]"
687,80.1958762886598,"[84.43341902313624, 82.35302013422819, 35.42727272727273]","[389, 149, 44]"
688,80.46586620926243,"[83.60444444444445, 84.65179856115108, 32.95384615384615]","[405, 139, 39]"
689,80.81815068493151,"[84.04650000000001, 84.58758620689655, 33.69230769230769]","[400, 145, 39]"
690,80.81198630136987,"[84.37727272727273, 82.75263157894737, 33.400000000000006]","[396, 152, 36]"
691,81.1259385665529,"[85.0287841191067, 82.01793103448276, 36.33157894736843]","[403, 145, 38]"
692,81.62862010221465,"[85.35369458128079, 84.2097902097902, 32.11578947368421]","[406, 143, 38]"
693,81.20780984719863,"[85.09578163771712, 83.41224489795918, 32.723076923076924]","[403, 147, 39]"
694,81.0641765704584,"[84.64477611940298, 83.22913907284769, 32.0]","[402, 151, 36]"
695,81.3881154499151,"[84.5429268292683, 85.38904109589042, 24.490909090909092]","[410, 146, 33]"
696,81.73039049235994,"[84.76204379562044, 86.01702127659576, 31.71891891891892]","[411, 141, 37]"
697,82.16434634974533,"[85.47339901477832, 86.02758620689656, 32.06842105263158]","[406, 145, 38]"
698,81.96570458404075,"[86.1409429280397, 84.01224489795919, 31.107692307692307]","[403, 147, 39]"
699,81.66010186757217,"[85.13823529411765, 85.9726618705036, 33.6]","[408, 139, 42]"
700,81.54305084745764,"[85.99701492537314, 83.3108108108108, 30.240000000000002]","[402, 148, 40]"
701,81.45685279187818,"[85.8, 83.37986577181208, 34.49302325581395]","[399, 149, 43]"
702,81.56458684654301,"[86.12030075187971, 82.09411764705882, 35.25365853658537]","[399, 153, 41]"
703,81.50691399662732,"[85.878, 83.48571428571428, 37.17391304347826]","[400, 147, 46]"
704,81.64436974789916,"[85.8927680798005, 83.3341935483871, 31.246153846153845]","[401, 155, 39]"
705,81.49530201342282,"[85.78808933002482, 82.32000000000001, 38.38604651162791]","[403, 150, 43]"
706,81.55083612040134,"[85.92815533980583, 82.44, 39.63913043478261]","[412, 140, 46]"
707,81.678,"[86.4044226044226, 83.19183673469388, 35.02173913043478]","[407, 147, 46]"
708,81.414,"[85.992118226601, 83.27432432432433, 35.02173913043478]","[406, 148, 46]"
709,81.34500000000001,"[86.69558823529412, 81.70489510489512, 35.74285714285715]","[408, 143, 49]"
710,81.62296173044925,"[86.02058823529411, 84.02837837837839, 33.84]","[408, 148, 45]"
711,80.9251247920133,"[84.73235294117647, 83.90131578947368, 32.00487804878049]","[408, 152, 41]"
712,81.17071547420966,"[85.45777777777778, 84.48079470198677, 31.479999999999997]","[405, 151, 45]"
713,81.12238805970149,"[85.40193704600485, 83.3917808219178, 33.42272727272727]","[413, 146, 44]"
714,81.25884297520662,"[86.06417910447762, 82.64999999999999, 35.54042553191489]","[402, 156, 47]"
715,81.02673267326732,"[85.44498777506112, 84.19591836734695, 35.568000000000005]","[409, 147, 50]"
716,81.13891625615763,"[85.997542997543, 81.97974683544304, 33.17727272727273]","[407, 158, 44]"
717,80.728078817734,"[84.8450495049505, 82.71111111111112, 34.57674418604651]","[404, 162, 43]"
718,80.66655737704919,"[83.94029126213591, 84.84, 39.525]","[412, 150, 48]"
719,80.48529411764706,"[83.57203791469195, 84.82978723404256, 41.4]","[422, 141, 49]"
720,80.68631921824105,"[84.32038834951456, 83.58461538461539, 38.30869565217392]","[412, 156, 46]"
721,80.46351791530945,"[85.02654028436018, 83.12275862068965, 31.289361702127664]","[422, 145, 47]"
722,80.51335504885994,"[84.50616113744076, 86.27586206896552, 26.885106382978723]","[422, 145, 47]"
723,80.49951219512195,"[84.48196721311476, 84.56197183098591, 30.991304347826084]","[427, 142, 46]"
724,80.38051948051948,"[85.0061757719715, 83.6225165562914, 24.995454545454546]","[421, 151, 44]"
725,80.39999999999999,"[84.95319148936171, 82.66711409395973, 31.18695652173913]","[423, 149, 46]"
726,80.24806451612903,"[84.38194774346793, 84.551677852349, 32.616]","[421, 149, 50]"
727,80.07387096774194,"[85.36642335766425, 80.71463414634147, 29.4]","[411, 164, 45]"
728,80.05935483870968,"[85.06285714285715, 82.07763157894738, 29.887500000000003]","[420, 152, 48]"
729,79.93741935483871,"[84.3696682464455, 83.27368421052631, 28.252173913043478]","[422, 152, 46]"
730,79.62898550724637,"[84.46650717703349, 83.71719745222931, 21.717391304347828]","[418, 157, 46]"
731,79.66956521739131,"[84.85961538461538, 81.6607594936709, 27.038297872340426]","[416, 158, 47]"
732,79.7903536977492,"[85.4067469879518, 80.16149068322981, 27.821739130434786]","[415, 161, 46]"
733,79.89519230769231,"[85.33443396226414, 81.624, 28.584000000000003]","[424, 150, 50]"
734,79.56864,"[85.13956834532374, 81.04556962025316, 28.44]","[417, 158, 50]"
735,79.87284345047924,"[85.05424528301887, 81.636, 32.53846153846154]","[424, 150, 52]"
736,80.03253588516746,"[85.35963302752293, 81.9841726618705, 30.150000000000002]","[436, 139, 52]"
737,79.48375796178344,"[84.36282352941177, 82.45882352941176, 28.907999999999998]","[425, 153, 50]"
738,79.50095541401275,"[84.84871194379392, 81.01184210526316, 28.212244897959184]","[427, 152, 49]"
739,79.15414012738854,"[83.94279069767443, 83.7, 19.369565217391305]","[430, 152, 46]"
740,79.02,"[84.2860465116279, 80.76075949367089, 18.55714285714286]","[430, 158, 42]"
741,78.87480190174327,"[84.44366197183099, 79.92670807453416, 21.10909090909091]","[426, 161, 44]"
742,78.61521394611728,"[84.35664335664336, 79.54838709677419, 23.131914893617022]","[429, 155, 47]"
743,78.39810426540285,"[83.91369863013699, 79.65616438356165, 25.346938775510203]","[438, 146, 49]"
744,78.78483412322275,"[83.63076923076923, 81.3103448275862, 24.26086956521739]","[442, 145, 46]"
745,79.04384858044163,"[84.52568807339449, 79.86193548387097, 20.511627906976745]","[436, 155, 43]"
746,79.12924528301888,"[84.3221198156682, 80.9656050955414, 22.64]","[434, 157, 45]"
747,79.21974921630094,"[83.59591836734694, 83.688, 23.897872340425533]","[441, 150, 47]"
748,79.0448275862069,"[83.85785876993167, 82.3771812080537, 26.856]","[439, 149, 50]"
749,79.0730407523511,"[84.64090909090909, 81.17142857142858, 24.988235294117647]","[440, 147, 51]"
750,78.90422535211269,"[83.59004524886879, 82.52027027027027, 25.714285714285715]","[442, 148, 49]"
751,78.8,"[83.17551020408163, 82.704, 26.4]","[441, 150, 48]"
752,78.33364485981309,"[82.90022271714923, 80.65657894736842, 19.71219512195122]","[449, 152, 41]"
753,78.40093457943925,"[82.83584070796459, 82.2965034965035, 23.897872340425533]","[452, 143, 47]"
754,78.47888198757764,"[82.7958904109589, 81.69056603773585, 27.382978723404257]","[438, 159, 47]"
755,78.48837209302326,"[83.07945205479453, 81.15460122699386, 22.90909090909091]","[438, 163, 44]"
756,78.55455950540959,"[83.33227990970654, 81.64285714285714, 26.712]","[443, 154, 50]"
757,78.77222222222223,"[84.11275167785236, 79.43225806451613, 24.652173913043477]","[447, 155, 46]"
758,78.71666666666667,"[84.965625, 76.95870967741936, 22.56]","[448, 155, 45]"
759,78.92307692307692,"[84.62870159453303, 79.46832298136646, 27.072]","[439, 161, 50]"
760,78.71538461538462,"[84.90612244897959, 79.16666666666667, 19.072340425531916]","[441, 162, 47]"
761,78.98986175115208,"[85.30627802690583, 77.81806451612904, 26.28]","[446, 155, 50]"
762,79.04539877300614,"[84.15, 82.10506329113925, 18.821739130434786]","[448, 158, 46]"
763,78.53742331288343,"[84.41797752808989, 79.17735849056604, 21.9]","[445, 159, 48]"
764,78.51362940275651,"[84.39775280898877, 78.72452830188679, 24.39183673469388]","[445, 159, 49]"
765,78.69633027522936,"[83.9706013363029, 80.7923076923077, 23.69387755102041]","[449, 156, 49]"
766,78.47339449541285,"[84.09033707865169, 79.26585365853659, 20.04]","[445, 164, 45]"
767,78.57713414634146,"[83.50897155361051, 81.12, 24.79591836734694]","[457, 150, 49]"
768,78.55068493150685,"[83.35903083700441, 81.45290322580645, 23.7]","[454, 155, 48]"
769,78.64741641337386,"[83.64052863436123, 81.58101265822785, 19.291304347826088]","[454, 158, 46]"
770,78.9268588770865,"[83.46315789473685, 82.36433121019108, 22.22608695652174]","[456, 157, 46]"
771,78.85584218512899,"[83.42505494505494, 82.2825, 19.145454545454548]","[455, 160, 44]"
772,78.93818181818182,"[83.40665188470066, 82.24024390243902, 22.12]","[451, 164, 45]"
773,78.90634441087614,"[83.38026315789473, 82.41019108280254, 26.044897959183675]","[456, 157, 49]"
774,78.93122171945701,"[84.25827814569537, 79.33333333333334, 27.3]","[453, 162, 48]"
775,79.07511312217194,"[83.96778523489932, 81.10650887573965, 25.238297872340425]","[447, 169, 47]"
776,78.89592760180996,"[83.99868131868132, 81.19125000000001, 22.875]","[455, 160, 48]"
777,78.90407239819004,"[84.38336980306346, 80.64705882352942, 26.626415094339624]","[457, 153, 53]"
778,79.1539156626506,"[84.52894736842106, 80.76075949367089, 25.056]","[456, 158, 50]"
779,79.15945945945947,"[84.184, 82.74478527607363, 25.471698113207548]","[450, 163, 53]"
780,79.16221889055473,"[84.4287610619469, 82.68679245283019, 26.646428571428572]","[452, 159, 56]"
781,79.36437125748503,"[85.30728476821193, 79.27777777777777, 28.833962264150944]","[453, 162, 53]"
782,79.51701492537313,"[85.31208791208792, 81.4275, 26.01818181818182]","[455, 160, 55]"
783,79.25089285714286,"[84.58417582417583, 83.01111111111112, 24.054545454545455]","[455, 162, 55]"
784,79.35267857142858,"[84.81630901287554, 81.35064935064936, 24.473076923076924]","[466, 154, 52]"
785,79.09821428571429,"[83.92452025586354, 82.23396226415095, 16.322727272727274]","[469, 159, 44]"
786,78.99940564635958,"[83.65161290322581, 81.91677018633541, 22.97872340425532]","[465, 161, 47]"
787,79.07466666666667,"[84.3450643776824, 80.15487804878049, 20.560000000000002]","[466, 164, 45]"
788,78.86233382570163,"[83.74615384615386, 81.36666666666666, 21.6]","[468, 162, 47]"
789,78.75598227474151,"[83.77594936708861, 80.33503184713376, 21.63913043478261]","[474, 157, 46]"
790,78.95539143279173,"[83.82100840336135, 81.12857142857143, 22.557446808510637]","[476, 154, 47]"
791,79.21590574374079,"[84.70862068965518, 81.04363636363637, 22.212]","[464, 165, 50]"
792,79.44845814977974,"[85.24968152866242, 81.35064935064936, 25.425]","[471, 154, 56]"
793,79.6592375366569,"[85.60769230769232, 79.54233128834356, 25.44705882352941]","[468, 163, 51]"
794,79.18680351906158,"[85.04507658643325, 81.0639053254438, 25.714285714285715]","[457, 169, 56]"
795,79.09721815519767,"[84.36336206896551, 80.97869822485207, 23.868]","[464, 169, 50]"
796,79.07649635036496,"[84.60751565762004, 80.17548387096774, 23.788235294117648]","[479, 155, 51]"
797,79.51007299270073,"[84.52307692307691, 82.1317365269461, 23.832]","[468, 167, 50]"
798,79.63556851311954,"[84.9483870967742, 81.04285714285714, 28.562264150943395]","[465, 168, 53]"
799,79.77117903930132,"[85.23758099352052, 81.48139534883721, 25.442307692307693]","[463, 172, 52]"
800,79.6585152838428,"[84.9379746835443, 81.49693251533742, 23.616]","[474, 163, 50]"
801,79.77391304347827,"[84.8620253164557, 81.64363636363638, 26.435294117647057]","[474, 165, 51]"
802,79.79652677279306,"[84.77579617834395, 82.77844311377245, 26.150943396226417]","[471, 167, 53]"
803,79.66888567293778,"[84.13548387096775, 85.01379310344828, 21.842307692307692]","[465, 174, 52]"
804,79.76445086705202,"[84.403426124197, 85.46707317073171, 28.918032786885245]","[467, 164, 61]"
805,79.5407514450867,"[85.73333333333333, 80.28202247191011, 25.46181818181818]","[459, 178, 55]"
806,79.2,"[84.6757894736842, 80.83058823529412, 20.461224489795917]","[475, 170, 49]"
807,79.39655172413794,"[84.58872651356994, 83.84096385542169, 16.16470588235294]","[479, 166, 51]"
808,79.12758620689655,"[84.66375000000001, 82.53658536585365, 17.273076923076925]","[480, 164, 52]"
809,79.1974212034384,"[85.38343949044587, 80.64624277456647, 20.6]","[471, 173, 54]"
810,79.28510028653295,"[83.7975, 85.83272727272728, 18.033962264150944]","[480, 165, 53]"
811,79.61459227467812,"[85.02420382165606, 83.04971098265897, 22.483636363636364]","[471, 173, 55]"
812,79.56824034334764,"[84.91320754716982, 83.03855421686748, 23.75357142857143]","[477, 166, 56]"
813,79.94208273894436,"[85.46974789915967, 83.1103448275862, 17.541176470588233]","[476, 174, 51]"
814,79.83333333333334,"[85.42468619246863, 83.31736526946108, 22.736842105263158]","[478, 167, 57]"
815,79.92613636363637,"[85.3425, 83.85443786982248, 20.585454545454546]","[480, 169, 55]"
816,80.04886363636363,"[85.40625, 83.2764705882353, 22.266666666666666]","[480, 170, 54]"
817,80.16883852691218,"[85.29811320754717, 84.62057142857144, 20.433333333333334]","[477, 175, 54]"
818,80.643059490085,"[85.47375, 86.10177514792899, 23.778947368421054]","[480, 169, 57]"
819,80.46458923512748,"[85.81377870563675, 85.23771428571429, 15.126923076923076]","[479, 175, 52]"
820,80.23875530410184,"[85.24948453608248, 86.20481927710844, 19.15714285714286]","[485, 166, 56]"
821,80.71057827926657,"[86.62546972860126, 83.9028901734104, 21.315789473684212]","[479, 173, 57]"
822,80.5150916784203,"[85.98461538461538, 84.83048780487805, 28.35]","[481, 164, 64]"
823,80.55825105782793,"[86.40761099365751, 86.41046511627907, 21.6]","[473, 172, 64]"
824,80.68563380281691,"[87.09056603773585, 83.71616766467066, 26.727272727272727]","[477, 167, 66]"
825,80.74683544303798,"[86.9025, 83.84651162790698, 21.630508474576274]","[480, 172, 59]"
826,80.52724719101124,"[86.2910229645094, 83.85942857142857, 22.87241379310345]","[479, 175, 58]"
827,80.41430575035064,"[86.59164926931106, 83.07857142857144, 28.8]","[479, 168, 66]"
828,80.20729312762973,"[85.97319587628866, 84.84939759036145, 22.674193548387098]","[485, 166, 62]"
829,80.29411764705883,"[86.28123711340207, 84.38698224852071, 20.37]","[485, 169, 60]"
830,80.30924369747899,"[85.785, 85.33636363636363, 19.73793103448276]","[480, 176, 58]"
831,80.18319327731093,"[85.78020618556701, 85.71578947368423, 17.06896551724138]","[485, 171, 58]"
832,80.17678321678322,"[85.85702479338843, 85.34736842105264, 19.62]","[484, 171, 60]"
833,80.218156424581,"[85.7175, 86.30414201183432, 25.46865671641791]","[480, 169, 67]"
834,80.00949720670391,"[86.34432989690721, 84.72000000000001, 21.68181818181818]","[485, 165, 66]"
835,80.03966480446928,"[86.77317073170732, 83.65882352941178, 25.580281690140843]","[492, 153, 71]"
836,80.41004184100419,"[87.47551867219917, 83.12142857142858, 22.782089552238805]","[482, 168, 67]"
837,79.99721448467967,"[87.23924050632912, 85.01931818181819, 16.517647058823528]","[474, 176, 68]"
838,79.863421418637,"[87.66150627615063, 82.06941176470589, 22.08169014084507]","[478, 170, 71]"
839,79.8884561891516,"[86.9025, 84.16300578034682, 17.672727272727272]","[480, 173, 66]"
840,80.08127600554785,"[87.9, 82.29940828402367, 16.827272727272728]","[486, 169, 66]"
841,80.2182572614108,"[87.40327868852458, 84.60000000000001, 17.894117647058824]","[488, 167, 68]"
842,80.2356846473029,"[87.29246861924686, 85.00909090909092, 19.17391304347826]","[478, 176, 69]"
843,80.16942148760332,"[87.47394957983194, 86.23542857142857, 19.656]","[476, 175, 75]"
844,80.18541953232463,"[87.5789256198347, 84.56860465116279, 19.166197183098593]","[484, 172, 71]"
845,79.80907840440165,"[87.23278008298755, 83.65054945054946, 11.914285714285715]","[482, 182, 63]"
846,79.80907840440165,"[86.76, 86.07058823529412, 15.05217391304348]","[505, 153, 69]"
847,80.09876543209877,"[87.3648, 83.93742331288344, 15.572727272727274]","[500, 163, 66]"
848,79.78358413132695,"[87.12, 84.05393258426967, 16.279411764705884]","[485, 178, 68]"
849,79.81307901907357,"[86.33742331288344, 86.52631578947368, 21.186486486486487]","[489, 171, 74]"
850,79.81141304347825,"[86.4404081632653, 85.95517241379311, 19.85]","[490, 174, 72]"
851,79.71114130434783,"[86.7195918367347, 85.58742857142857, 16.859154929577468]","[490, 175, 71]"
852,79.82035278154682,"[86.9574898785425, 85.17225433526012, 16.225714285714286]","[494, 173, 70]"
853,79.74146341463415,"[86.44390243902438, 86.42068965517241, 17.8]","[492, 174, 72]"
854,79.68891891891892,"[86.41102040816327, 85.46966292134832, 19.65]","[490, 178, 72]"
855,79.59838056680162,"[86.57211155378486, 85.51071428571429, 16.301408450704226]","[502, 168, 71]"
856,79.77173620457604,"[87.07768924302789, 84.81176470588235, 16.047887323943662]","[502, 170, 71]"
857,79.83629032258064,"[86.65411764705883, 85.43926380368099, 18.0]","[510, 163, 71]"
858,79.77426273458445,"[86.7, 85.74269662921348, 15.325714285714286]","[498, 178, 70]"
859,79.95320855614975,"[87.26600397614314, 85.27636363636364, 22.995]","[503, 165, 80]"
860,79.99893048128342,"[86.82267206477734, 85.20662983425414, 20.90958904109589]","[494, 181, 73]"
861,80.05427807486632,"[87.06277665995977, 84.90167597765362, 19.625000000000004]","[497, 179, 72]"
862,79.76234979973299,"[86.6361829025845, 85.51046511627906, 19.678378378378376]","[503, 172, 74]"
863,79.7568,"[86.79797160243409, 85.96483516483516, 18.408]","[493, 182, 75]"
864,79.6344,"[87.12434607645875, 84.00331491712707, 16.95]","[497, 181, 72]"
865,79.45406125166444,"[86.6993987975952, 85.21714285714286, 19.402597402597404]","[499, 175, 77]"
866,79.52270916334662,"[86.3604, 86.53526011560693, 21.6225]","[500, 173, 80]"
867,79.7633952254642,"[87.45542168674699, 83.52, 20.46315789473684]","[498, 180, 76]"
868,79.74761904761905,"[87.16153846153846, 84.74516129032259, 19.326315789473686]","[494, 186, 76]"
869,79.6779392338177,"[86.7144578313253, 86.40994475138122, 19.130769230769232]","[498, 181, 78]"
870,79.61611624834875,"[86.57176938369783, 85.88135593220339, 19.776623376623377]","[503, 177, 77]"
871,79.399209486166,"[86.11228070175439, 85.90419161676647, 22.055696202531646]","[513, 167, 79]"
872,79.45308804204993,"[86.67609561752988, 83.89180327868853, 21.05526315789474]","[502, 183, 76]"
873,79.52168199737189,"[86.51272727272728, 85.1545945945946, 23.933333333333334]","[495, 185, 81]"
874,79.51181102362206,"[86.05069306930693, 86.94606741573034, 20.962025316455698]","[505, 178, 79]"
875,79.52,"[87.04743083003953, 84.52921348314608, 21.48888888888889]","[506, 178, 81]"
876,79.26579634464753,"[86.99879759519038, 83.36065573770492, 24.40714285714286]","[499, 183, 84]"
877,78.84046997389034,"[86.48622754491018, 83.11764705882354, 19.47692307692308]","[501, 187, 78]"
878,78.64380704041722,"[86.63928571428572, 82.13478260869566, 19.503797468354428]","[504, 184, 79]"
879,78.40650195058517,"[85.67782258064517, 84.69473684210527, 20.559036144578315]","[496, 190, 83]"
880,78.26727272727274,"[85.09027237354086, 85.36704545454546, 18.81]","[514, 176, 80]"
881,77.75766233766234,"[84.836750483559, 84.30171428571428, 16.153846153846153]","[517, 175, 78]"
882,77.79637305699482,"[85.482421875, 82.54285714285714, 16.26923076923077]","[512, 182, 78]"
883,77.3440414507772,"[84.75667311411992, 82.33, 14.280000000000001]","[517, 180, 75]"
884,76.9779792746114,"[83.22413793103448, 84.30837988826815, 12.574647887323943]","[522, 179, 71]"
885,76.83880983182407,"[83.39541108986616, 84.09767441860465, 16.86923076923077]","[523, 172, 78]"
886,77.0813953488372,"[84.3126923076923, 81.50561797752809, 17.242105263157896]","[520, 178, 76]"
887,77.21883870967741,"[84.13013435700576, 83.45730337078652, 15.228947368421053]","[521, 178, 76]"
888,77.54613402061855,"[84.60697674418604, 83.3225806451613, 13.791891891891892]","[516, 186, 74]"
889,77.23783783783783,"[84.15777351247601, 83.37362637362638, 13.427027027027028]","[521, 182, 74]"
890,77.1227214377407,"[84.44769230769231, 81.87096774193549, 12.846575342465753]","[520, 186, 73]"
891,76.83303457106274,"[84.56199616122841, 80.68864864864865, 13.632]","[521, 185, 75]"
892,76.8843989769821,"[84.51329479768786, 81.23867403314918, 18.98780487804878]","[519, 181, 82]"
893,76.90281329923275,"[84.17976653696499, 81.9047619047619, 17.58987341772152]","[514, 189, 79]"
894,77.06624040920715,"[84.67269230769232, 81.77704918032786, 16.08607594936709]","[520, 183, 79]"
895,77.16781609195402,"[84.47191011235955, 81.82196531791908, 15.252631578947367]","[534, 173, 76]"
896,77.20714285714287,"[84.365965583174, 83.21538461538462, 15.972151898734177]","[523, 182, 79]"
897,77.0625,"[84.51136363636364, 82.03425414364641, 12.624]","[528, 181, 75]"
898,77.30381679389312,"[84.97099236641222, 82.47717391304349, 13.592307692307692]","[524, 184, 78]"
899,77.18015267175574,"[85.36466165413535, 80.4438202247191, 12.244736842105263]","[532, 178, 76]"
900,77.22388818297333,"[86.20269230769232, 79.34594594594594, 15.497560975609757]","[520, 185, 82]"
901,76.9722998729352,"[85.00267686424475, 81.08617021276596, 11.534210526315789]","[523, 188, 76]"
902,77.19467680608365,"[84.29162011173185, 82.584, 15.451948051948053]","[537, 175, 77]"
903,77.29746835443038,"[84.25280898876404, 84.53898305084746, 14.058227848101266]","[534, 177, 79]"
904,77.35215189873418,"[85.59923954372623, 80.74702702702703, 14.49113924050633]","[526, 185, 79]"
905,77.33848101265824,"[84.96068702290077, 82.6, 12.553246753246754]","[524, 189, 77]"
906,77.51378002528445,"[84.60000000000001, 84.45082872928177, 13.989873417721519]","[531, 181, 79]"
907,77.7754740834387,"[85.75375939849624, 82.35978260869565, 9.936]","[532, 184, 75]"
908,77.75409836065573,"[85.33559322033899, 83.32826086956521, 12.992307692307692]","[531, 184, 78]"
909,77.91622641509434,"[85.35164835164835, 83.15375722543354, 12.576315789473684]","[546, 173, 76]"
910,77.89522613065327,"[85.40666666666667, 83.0585635359116, 11.352]","[540, 181, 75]"
911,77.90589711417816,"[85.58666666666667, 82.54565217391304, 9.394520547945206]","[540, 184, 73]"
912,78.05187969924813,"[85.49330855018587, 83.97096774193548, 9.072972972972973]","[538, 186, 74]"
913,78.1015037593985,"[86.256, 83.04502617801047, 14.378048780487806]","[525, 191, 82]"
914,77.96996245306633,"[85.68757170172084, 83.77578947368421, 18.209302325581397]","[523, 190, 86]"
915,77.643,"[85.4631970260223, 83.20773480662984, 13.266666666666667]","[538, 181, 81]"
916,77.57528089887641,"[85.34413407821229, 82.8688524590164, 14.111111111111112]","[537, 183, 81]"
917,77.71910112359551,"[85.12902033271719, 84.39, 12.6]","[541, 180, 80]"
918,77.7685393258427,"[86.47078651685393, 81.1741935483871, 12.577777777777778]","[534, 186, 81]"
919,77.6850374064838,"[85.62954545454545, 84.03314917127072, 20.225806451612904]","[528, 181, 93]"
920,77.81641791044777,"[86.05553470919324, 83.20864864864865, 15.153488372093024]","[533, 185, 86]"
921,77.97018633540372,"[86.18015267175574, 83.63368421052633, 18.87032967032967]","[524, 190, 91]"
922,77.84049689440994,"[86.27865168539326, 83.26256983240224, 18.313043478260873]","[534, 179, 92]"
923,77.88401486988847,"[86.21763602251407, 83.77741935483871, 14.952272727272728]","[533, 186, 88]"
924,78.04381188118812,"[86.53284132841328, 82.30549450549451, 14.035714285714286]","[542, 182, 84]"
925,78.07194066749074,"[86.85676691729324, 83.55483870967743, 15.507692307692308]","[532, 186, 91]"
926,77.9,"[86.52379182156133, 83.95280898876405, 17.080851063829787]","[538, 178, 94]"
927,77.86330049261083,"[87.04624060150375, 82.59893617021277, 15.084782608695653]","[532, 188, 92]"
928,77.48402948402949,"[86.44052532833021, 83.40983606557377, 17.706122448979592]","[533, 183, 98]"
929,77.22110429447852,"[86.85604606525912, 80.568, 16.697872340425533]","[521, 200, 94]"
930,77.1725153374233,"[85.70847457627119, 82.8, 16.87741935483871]","[531, 191, 93]"
931,77.24338235294118,"[85.8556586270872, 82.15783783783783, 16.90434782608696]","[539, 185, 92]"
932,77.37132352941177,"[85.75977653631284, 82.6321243523316, 13.186046511627907]","[537, 193, 86]"
933,77.42420537897311,"[85.17049180327868, 84.78, 14.764044943820224]","[549, 180, 89]"
934,77.37146341463415,"[85.03695652173913, 84.63934426229508, 11.943529411764708]","[552, 183, 85]"
935,77.32975609756097,"[84.95737704918032, 83.68508287292818, 18.02]","[549, 181, 90]"
936,77.44165651644336,"[84.92727272727272, 85.05699481865285, 15.593258426966292]","[539, 193, 89]"
937,77.37372262773724,"[85.42899082568808, 83.76256684491979, 15.32]","[545, 187, 90]"
938,77.48529769137302,"[86.07658802177859, 82.12, 16.96304347826087]","[551, 180, 92]"
939,77.4502427184466,"[86.26813186813187, 81.70434782608696, 17.904255319148938]","[546, 184, 94]"
940,77.17281553398058,"[86.23155963302752, 81.26387434554974, 12.190909090909091]","[545, 191, 88]"
941,77.24490291262136,"[85.70895795246801, 82.33821989528796, 12.097674418604653]","[547, 191, 86]"
942,77.23834951456311,"[85.20214669051879, 83.84419889502763, 10.007142857142856]","[559, 181, 84]"
943,77.36727272727273,"[86.02872928176797, 83.30769230769232, 9.993103448275862]","[543, 195, 87]"
944,76.92493946731234,"[86.25693160813309, 81.44771573604062, 9.429545454545455]","[541, 197, 88]"
945,77.01739130434784,"[86.2360594795539, 81.972, 10.9]","[538, 200, 90]"
946,77.01785283474065,"[86.04399260628466, 82.63469387755102, 11.973913043478262]","[541, 196, 92]"
947,76.75295536791316,"[84.84560143626571, 83.83575418994414, 14.651612903225809]","[557, 179, 93]"
948,76.54223826714802,"[84.79963636363637, 83.24516129032259, 15.612631578947369]","[550, 186, 95]"
949,76.67740384615385,"[85.32262773722627, 82.17801047120419, 14.438709677419356]","[548, 191, 93]"
950,76.68043217286915,"[85.6304347826087, 81.62526315789474, 12.065934065934066]","[552, 190, 91]"
951,76.31870503597123,"[85.52093023255814, 80.28, 11.02]","[559, 185, 90]"
952,76.43093525179856,"[85.45745454545455, 81.24923076923078, 10.092134831460674]","[550, 195, 89]"
953,76.53884892086332,"[84.52202166064983, 83.90625, 10.206818181818182]","[554, 192, 88]"
954,76.61748502994013,"[85.28196721311475, 82.809375, 13.365957446808512]","[549, 192, 94]"
955,76.72742514970061,"[85.95409836065573, 81.71813471502591, 11.903225806451614]","[549, 193, 93]"
956,76.86602870813397,"[86.50472727272727, 81.54947368421053, 12.375]","[550, 190, 96]"
957,76.87464114832535,"[85.59276672694394, 84.47619047619048, 10.302127659574468]","[553, 189, 94]"
958,76.57849462365591,"[86.1400365630713, 82.29896907216495, 10.537500000000001]","[547, 194, 96]"
959,76.63010752688173,"[85.25064220183486, 84.07272727272728, 10.972340425531916]","[545, 198, 94]"
960,76.74701670644392,"[85.81184919210054, 82.38387096774193, 12.562105263157894]","[557, 186, 95]"
961,76.88939213349227,"[86.19032258064517, 82.45714285714286, 9.039130434782608]","[558, 189, 92]"
962,76.81569560047562,"[85.8779359430605, 84.01648351648352, 10.8]","[562, 182, 97]"
963,76.8435196195006,"[85.93309481216458, 83.60756756756757, 11.560824742268043]","[559, 185, 97]"
964,76.89060642092747,"[86.28021582733813, 84.47282608695652, 11.388118811881188]","[556, 184, 101]"
965,76.79001189060642,"[86.85405405405406, 81.0848167539267, 9.360000000000001]","[555, 191, 95]"
966,76.71724137931035,"[86.80036166365281, 80.7738219895288, 11.245360824742269]","[553, 191, 97]"
967,76.66373365041616,"[86.34044117647059, 82.242, 10.89278350515464]","[544, 200, 97]"
968,76.52461355529132,"[86.15439856373429, 83.12459016393443, 11.45940594059406]","[557, 183, 101]"
969,76.28275862068966,"[86.53333333333335, 79.91578947368421, 13.823300970873786]","[567, 171, 103]"
970,76.53950177935943,"[86.50017953321364, 82.57252747252747, 12.634615384615385]","[557, 182, 104]"
971,76.37722419928825,"[86.5970802919708, 82.75263157894737, 11.502857142857144]","[548, 190, 105]"
972,76.27259786476868,"[87.09306569343066, 79.9578947368421, 13.131428571428572]","[548, 190, 105]"
973,76.21067615658363,"[85.86618444846293, 83.5957894736842, 8.784]","[553, 190, 100]"
974,76.33665480427047,"[86.02580645161291, 83.78360655737704, 9.970588235294118]","[558, 183, 102]"
975,76.25260663507109,"[86.73225806451613, 80.20216216216217, 11.120792079207922]","[558, 185, 101]"
976,76.30592417061612,"[85.64145077720208, 83.04069767441861, 5.729032258064516]","[579, 172, 93]"
977,76.4733727810651,"[85.98730158730159, 83.36373626373626, 7.218750000000001]","[567, 182, 96]"
978,76.3331759149941,"[86.01405405405406, 81.61846153846155, 10.317525773195877]","[555, 195, 97]"
979,76.30554899645809,"[85.99578947368421, 82.8, 6.525]","[570, 181, 96]"
980,76.14191263282173,"[85.51921708185053, 83.73789473684211, 5.475789473684211]","[562, 190, 95]"
981,76.24740566037737,"[85.91403197158083, 82.74315789473684, 5.968421052631579]","[563, 190, 95]"
982,76.32,"[86.06808510638298, 82.23510638297873, 8.871428571428572]","[564, 188, 98]"
983,76.41645123384254,"[86.02155477031803, 83.31428571428572, 6.20625]","[566, 189, 96]"
984,76.32464788732395,"[85.49035714285715, 84.5717277486911, 9.908910891089109]","[560, 191, 101]"
985,76.4989449003517,"[85.7914590747331, 84.57258883248731, 4.0212765957446805]","[562, 197, 94]"
986,76.77327080890973,"[86.57684210526315, 83.81189189189189, 6.46530612244898]","[570, 185, 98]"
987,76.61711606096131,"[85.94767641996557, 84.98275862068967, 6.446938775510205]","[581, 174, 98]"
988,76.63399765533411,"[86.17178571428572, 84.93157894736842, 9.471844660194176]","[560, 190, 103]"
989,76.81547479484173,"[86.71746031746032, 84.27272727272728, 6.0181818181818185]","[567, 187, 99]"
990,76.95263774912075,"[85.81821428571429, 87.65257731958764, 5.836363636363636]","[560, 194, 99]"
991,77.09016393442624,"[86.36819787985866, 85.82553191489362, 8.154]","[566, 188, 100]"
992,77.18501170960188,"[87.20984182776802, 83.98681318681318, 9.786407766990292]","[569, 182, 103]"
993,77.175,"[87.6549295774648, 83.77912087912088, 9.679245283018869]","[568, 182, 106]"
994,77.22987164527422,"[87.86013986013987, 83.41657458563536, 7.996153846153847]","[572, 181, 104]"
995,77.4,"[88.49136690647482, 82.92061855670103, 10.998165137614679]","[556, 194, 109]"
996,77.48372093023255,"[87.6375, 85.84468085106383, 12.680357142857142]","[560, 188, 112]"
997,77.53813953488373,"[87.76258741258741, 85.72881355932203, 11.78918918918919]","[572, 177, 111]"
998,77.48989547038327,"[88.30664272890485, 84.84923076923077, 9.04954128440367]","[557, 195, 109]"
999,77.32473867595819,"[87.81654929577465, 85.33591160220995, 11.169642857142858]","[568, 181, 112]"
1000,77.09095127610209,"[87.59150442477876, 84.90326086956522, 11.867256637168142]","[565, 184, 113]"
1001,77.21228273464659,"[87.77553191489362, 85.33723404255319, 9.77837837837838]","[564, 188, 111]"
1002,77.0625,"[87.9121265377856, 84.36648648648648, 8.656363636363638]","[569, 185, 110]"
1003,77.22748267898383,"[87.51875, 85.89, 9.163636363636364]","[576, 180, 110]"
1004,76.98269896193771,"[87.09132743362832, 86.09842931937173, 9.843243243243244]","[565, 191, 111]"
